INCOME ON 05-01-22 ,,
TOTAL INCOME ,- ,"8,000 "
INCOME ON 06-01-22 ,,
TOTAL INCOME ,- ,"10,500 "
INCOME ON 07-01-22 ,,
TOTAL INCOME ,- ,"14,000 "
INCOME ON 08-01-22 ,,
TOTAL INCOME ,- ,"11,000 "
INCOME ON 10-01-22 ,,
TOTAL INCOME ,- ,"13,000 "
INCOME ON 11-01-22 ,,
TOTAL INCOME ,- ,"11,000 "
INCOME ON 12-01-22 ,,
TOTAL INCOME ,- ,"14,000 "
INCOME ON 13-01-22 ,,
TOTAL INCOME ,- ,"6,000 "
INCOME ON 14-01-22 ,,
TOTAL INCOME ,- ,"17,000 "
INCOME ON 15-01-22 ,,
TOTAL INCOME ,- ,"6,000 "
INCOME ON 17-01-22 ,,
TOTAL INCOME ,- ,"12,000 "
INCOME ON 18-01-22 ,,
TOTAL INCOME ,- ,"14,000 "
INCOME ON 19-01-22 ,,
TOTAL INCOME ,- ,"17,000 "
INCOME ON 20-01-22 ,,
TOTAL INCOME ,- ,"8,000 "
INCOME ON 21-01-22 ,,
TOTAL INCOME ,- ,"10,000 "
INCOME ON 22-01-22 ,,
TOTAL INCOME ,- ,"9,000 "
INCOME ON 24-01-22 ,,
TOTAL INCOME ,- ,"13,000 "
INCOME ON 25-01-22 ,,
TOTAL INCOME ,- ,"11,000 "
INCOME ON 26-01-22 ,,
TOTAL INCOME ,- ,"16,000 "
INCOME ON 27-01-22 ,,
TOTAL INCOME ,- ,"14,000 "
INCOME ON 28-01-22 ,,
TOTAL INCOME ,- ,"6,000 "
INCOME ON 29-01-22 ,,
TOTAL INCOME ,- ,"8,000 "
INCOME ON 31-01-22 ,,
TOTAL INCOME ,- ,"11,000 "
INCOME ON 01-02-22 ,,
TOTAL INCOME ,- ,"12,000 "
INCOME ON 02-02-22 ,,
TOTAL INCOME ,- ,"15,000 "
INCOME ON 03-02-22 ,,
TOTAL INCOME ,- ,"10,000 "
INCOME ON 04-02-22 ,,
TOTAL INCOME ,- ,"8,000 "
INCOME ON 05-02-22 ,,
TOTAL INCOME ,- ,"11,000 "
INCOME ON 07-02-22 ,,
TOTAL INCOME ,- ,"10,000 "
INCOME ON 08-02-22 ,,
TOTAL INCOME ,- ,"12,500 "
INCOME ON 09-02-22 ,,
TOTAL INCOME ,- ,"13,500 "
INCOME ON 10-02-22 ,,
TOTAL INCOME ,- ,"9,000 "
INCOME ON 11-02-22 ,,
TOTAL INCOME ,- ,"7,000 "
INCOME ON 12-02-22 ,,
TOTAL INCOME ,- ,"8,000 "
INCOME ON 14-02-22 ,,
TOTAL INCOME ,- ,"12,000 "
INCOME ON 15-02-22 ,,
TOTAL INCOME ,- ,"10,000 "
INCOME ON 16-02-22 ,,
TOTAL INCOME ,- ,"17,000 "
INCOME ON 17-02-22 ,,
TOTAL INCOME ,- ,"10,500 "
INCOME ON 18-02-22 ,,
TOTAL INCOME ,- ,"9,000 "
INCOME ON 19-02-22 ,,
TOTAL INCOME ,- ,"10,500 "
INCOME ON 21-02-22 ,,
TOTAL INCOME ,- ,"11,000 "
INCOME ON 22-02-22 ,,
TOTAL INCOME ,- ,"8,000 "
INCOME ON 23-02-22 ,,
TOTAL INCOME ,- ,"13,000 "
INCOME ON 24-02-22 ,,
TOTAL INCOME ,- ,"8,500 "
INCOME ON 25-02-22 ,,
TOTAL INCOME ,- ,"12,000 "
INCOME ON 26-02-22 ,,
TOTAL INCOME ,- ,"7,000 "
INCOME ON 28-02-22 ,,
TOTAL INCOME ,- ,"10,500 "
INCOME ON 01-03-22 ,,
TOTAL INCOME ,- ,"9,500 "
INCOME ON O2-03-22 ,,
TOTAL INCOME ,- ,"16,000 "
INCOME ON 03-03-22 ,,
TOTAL INCOME ,- ,"4,000 "
INCOME ON 04-03-22 ,,
TOTAL INCOME ,- ,"8,000 "
INCOME ON 05-03-22 ,,
TOTAL INCOME ,- ,"5,000 "
INCOME ON 07-03-22 ,,
TOTAL INCOME ,- ,"11,000 "
INCOME ON 08-03-22 ,,
TOTAL INCOME ,- ,"10,000 "
INCOME ON 09-03-22 ,,
TOTAL INCOME ,- ,"14,000 "
INCOME ON 10-03-22 ,,
TOTAL INCOME ,- ,"7,500 "
INCOME ON 11-03-22 ,,
TOTAL INCOME ,- ,"9,000 "
INCOME ON 12-03-22 ,,
TOTAL INCOME ,- ,"8,000 "
INCOME ON 14-03-22 ,,
TOTAL INCOME ,- ,"10,500 "
INCOME ON 15-03-22 ,,
TOTAL INCOME ,- ,"13,000 "
INCOME ON 16-03-22 ,,
TOTAL INCOME ,- ,"18,000 "
INCOME ON 17-03-22 ,,
TOTAL INCOME ,- ,"5,000 "
INCOME ON 18-03-22 ,,
TOTAL INCOME ,- ,"9,000 "
INCOME ON 19-03-222 ,,
TOTAL INCOME ,- ,"6,000 "
INCOME ON 21-03-22 ,,
TOTAL INCOME ,- ,"7,000 "
INCOME ON 22-03-22 ,,
TOTAL INCOME ,- ,"13,000 "
INCOME ON 23-03-22 ,,
TOTAL INCOME ,- ,"14,000 "
INCOME ON 24-03-22 ,,
TOTAL INCOME ,- ,"11,000 "
INCOME ON 25-03-22 ,,
TOTAL INCOME ,- ,"9,000 "
INCOME ON 26-03-22 ,,
TOTAL INCOME ,- ,"6,000 "
INCOME ON 28-03-22 ,,
TOTAL INCOME ,- ,"16,000 "
INCOME ON 29-03-22 ,,
TOTAL INCOME ,- ,"7,000 "
INCOME ON 30-03-22 ,,
TOTAL INCOME ,- ,"12,000 "
INCOME ON 31-03-22 ,,
TOTAL INCOME ,- ,"9,000 "
INCOME ON 01-04-22 ,,
TOTAL INCOME ,- ,"18,000 "
INCOME ON 02-04-22 ,,
TOTAL INCOME ,- ,"8,000 "
INCOME ON 04-04-22 ,,
TOTAL INCOME ,- ,"10,000 "
INCOME ON 05-04-22 ,,
TOTAL INCOME ,- ,"10,000 "
INCOME ON 06-04-22 ,,
TOTAL INCOME ,- ,"13,000 "
INCOME ON 07-04-22 ,,
TOTAL INCOME ,- ,"9,000 "
INCOME ON 08-04-22 ,,
TOTAL INCOME ,- ,"11,000 "
INCOME ON 09-04-22 ,,
TOTAL INCOME ,- ,"7,000 "
INCOME ON 11-04-22 ,,
TOTAL INCOME ,- ,"14,000 "
INCOME ON 12-04-22 ,,
TOTAL INCOME ,- ,"16,000 "
INCOME ON 13-04-22 ,,
TOTAL INCOME ,- ,"10,000 "
INCOME ON 14-04-22 ,,
TOTAL INCOME ,- ,"11,500 "
INCOME ON 15-04-22 ,,
TOTAL INCOME ,- ,"8,000 "
INCOME ON 16-04-22 ,,
TOTAL INCOME ,- ,"8,000 "
INCOME ON 18-04-22 ,,
TOTAL INCOME ,- ,NIL 
INCOME ON 19-04-22 ,,
TOTAL INCOME ,- ,"6,000 "
INCOME ON 20-04-22 ,,
TOTAL INCOME ,- ,"11,000 "
INCOME ON 21-04-22 ,,
TOTAL INCOME ,- ,"10,000 "
INCOME ON 22-04-22 ,,
TOTAL INCOME ,- ,"8,000 "
INCOME ON 23-04-22 ,,
TOTAL INCOME ,- ,"4,000 "
INCOME ON 25-04-22 ,,
TOTAL INCOME ,- ,"9,500 "
INCOME ON 26-04-22 ,,
TOTAL INCOME ,- ,"11,500 "
INCOME ON 27-04-22 ,,
TOTAL INCOME ,- ,"14,000 "
INCOME ON 28-04-22 ,,
TOTAL INCOME ,- ,"7,000 "
 INCOME ON 29-04-22 ,,
TOTAL INCOME ,- ,"12,000 "
INCOME ON 30-04-22 ,,
TOTAL INCOME ,- ,"10,000 "
INCOME ON 02-05-22 ,,
TOTAL INCOME ,- ,"13,000 "
INCOME ON 03-05-22 ,,
TOTAL INCOME ,- ,"7,000 "
INCOME ON 04-05-22 ,,
TOTAL INCOME ,- ,"11,000 "
INCOME ON 05-05-22 ,,
TOTAL INCOME ,- ,"8,000 "
INCOME ON 06-05-22 ,,
TOTAL INCOME ,- ,"10,000 "
INCOME ON 07-05-22 ,,
TOTAL INCOME ,- ,"4,000 "
INCOME ON 09-05-22 ,,
TOTAL INCOME ,- ,"11,500 "
INCOME ON 10-05-22 ,,
TOTAL INCOME ,- ,"10,000 "
INCOME ON 11-05-22 ,,
TOTAL INCOME ,- ,"17,000 "
INCOME ON 12-05-22 ,,
TOTAL INCOME ,- ,"13,000 "
INCOME ON 13-05-22 ,,
TOTAL INCOME ,- ,"9,000 "
INCOME ON 14-05-22 ,,
TOTAL INCOME ,- ,"11,000 "
INCOME ON 16-05-22 ,,
TOTAL INCOME ,- ,"11,000 "
INCOME ON 17-05-22 ,,
TOTAL INCOME ,- ,"13,000 "
INCOME ON 18-05-22 ,,
TOTAL INCOME ,- ,"20,000 "
INCOME ON 19-05-22 ,,
TOTAL INCOME ,- ,"7,000 "
INCOME ON 20-05-22 ,,
TOTAL INCOME ,- ,"14,000 "
INCOME ON 21-05-22 ,,
TOTAL INCOME ,- ,"9,500 "
INCOME ON 23-05-22 ,,
TOTAL INCOME ,- ,"9,000 "
INCOME ON 24-05-22 ,,
TOTAL INCOME ,- ,"7,000 "
INCOME ON 25-05-22 ,,
TOTAL INCOME ,- ,"16,000 "
INCOME ON 26-05-22 ,,
TOTAL INCOME ,- ,"11,000 "
INCOME ON 27-05-22 ,,
TOTAL INCOME ,- ,"13,000 "
INCOME ON 28-05-22 ,,
TOTAL INCOME ,- ,"9,000 "
INCOME ON 30-05-22 ,,
TOTAL INCOME ,- ,"10,000 "
INCOME ON 31-05-22 ,,
TOTAL INCOME ,- ,"13,500 "
INCOME ON 01-06-22 ,,
TOTAL INCOME ,- ,"17,000 "
INCOME ON 02-06-22 ,,
TOTAL INCOME ,- ,"14,500 "
INCOME ON 03-06-22 ,,
TOTAL INCOME ,- ,"19,000 "
INCOME ON 04-06-22 ,,
TOTAL INCOME ,- ,"12,000 "
INCOME ON 06-06-22 ,,
TOTAL INCOME ,- ,"10,000 "
INCOME ON 07-06-22 ,,
TOTAL INCOME ,- ,"13,000 "
INCOME ON 08-06-22 ,,
TOTAL INCOME ,- ,"9,000 "
INCOME ON 09-06-22 ,,
TOTAL INCOME ,- ,"11,000 "
INCOME ON 10-06-22 ,,
TOTAL INCOME ,- ,"23,000 "
INCOME ON 11-06-22 ,,
TOTAL INCOME ,- ,"12,000 "
INCOME ON 13-06-22 ,,
TOTAL INCOME ,- ,"10,000 "
INCOME ON 14-06-22 ,,
TOTAL INCOME ,- ,"16,000 "
INCOME ON 15-06-22 ,,
TOTAL INCOME ,- ,"12,000 "
INCOME ON 16-06-22 ,,
TOTAL INCOME ,- ,"17,000 "
INCOME ON 17-06-22 ,,
TOTAL INCOME ,- ,"13,000 "
INCOME ON 18-06-22 ,,
TOTAL INCOME ,- ,"10,000 "
INCOME ON 20-06-22 ,,
TOTAL INCOME ,- ,"8,500 "
INCOME ON 21-06-22 ,,
TOTAL INCOME ,- ,"13,000 "
INCOME ON 22-06-22 ,,
TOTAL INCOME ,- ,"15,500 "
INCOME ON 23-06-22 ,,
TOTAL INCOME ,- ,"11,000 "
INCOME ON 24-06-22 ,,
TOTAL INCOME ,- ,"21,000 "
INCOME ON 25-06-22 ,,
TOTAL INCOME ,- ,"15,000 "
INCOME ON 27-06-22 ,,
TOTAL INCOME ,- ,"12,000 "
INCOME ON 28-06-22 ,,
TOTAL INCOME ,- ,"17,000 "
INCOME ON 29-06-22 ,,
TOTAL INCOME ,- ,"14,000 "
INCOME ON 30-06-22 ,,
TOTAL INCOME ,- ,"20,000 "
INCOME ON 01-07-22 ,,
TOTAL INCOME ,- ,"13,500 "
INCOME ON 02-07-22 ,,
TOTAL INCOME ,- ,"16,000 "
INCOME ON 04-07-22 ,,
TOTAL INCOME ,- ,"10,000 "
INCOME ON 05-07-22 ,,
TOTAL INCOME ,- ,"8,000 "
INCOME ON 06-07-22 ,,
TOTAL INCOME ,- ,"13,000 "
INCOME ON 07-07-22 ,,
TOTAL INCOME ,- ,"11,000 "
INCOME ON 08-07-22 ,,
TOTAL INCOME ,- ,"10,000 "
INCOME ON 09-07-22 ,,
TOTAL INCOME ,- ,"18,000 "
INCOME ON 11-07-22 ,,
TOTAL INCOME ,- ,"9,000 "
INCOME ON 12-07-22 ,,
TOTAL INCOME ,- ,"14,000 "
INCOME ON 13-07-22 ,,
TOTAL INCOME ,- ,"10,500 "
INCOME ON 14-07-22 ,,
TOTAL INCOME ,- ,"15,000 "
INCOME ON 15-07-22 ,,
TOTAL INCOME ,- ,"12,500 "
INCOME ON 16-07-22 ,,
TOTAL INCOME ,- ,"23,000 "
INCOME ON 18-07-22 ,,
TOTAL INCOME ,- ,"14,000 "
INCOME ON 19-07-22 ,,
TOTAL INCOME ,- ,"11,000 "
INCOME ON 20-07-22 ,,
TOTAL INCOME ,- ,"10,000 "
INCOME ON 21-07-22 ,,
TOTAL INCOME ,- ,"10,000 "
INCOME ON 22-07-22 ,,
TOTAL INCOME ,- ,"19,000 "
INCOME ON 23-07-22 ,,
TOTAL INCOME ,- ,"13,500 "
INCOME ON 25-07-22 ,,
TOTAL INCOME ,- ,"11,000 "
INCOME ON 26-07-22 ,,
TOTAL INCOME ,- ,"14,000 "
INCOME ON 27-07-22 ,,
TOTAL INCOME ,- ,"15,000 "
INCOME ON 28-07-22 ,,
TOTAL INCOME ,- ,"10,000 "
INCOME ON 29-07-22 ,,
TOTAL INCOME ,- ,"17,000 "
INCOME ON 30-07-22 ,,
TOTAL INCOME ,- ,"15,000 "
INCOME ON 01-08-22 ,,
TOTAL INCOME ,- ,"9,000 "
INCOME ON 02-08-22 ,,
TOTAL INCOME ,- ,"13,500 "
INCOME ON 03-08-22 ,,
TOTAL INCOME ,- ,"16,000 "
INCOME ON 04-08-22 ,,
TOTAL INCOME ,- ,"12,000 "
INCOME ON 05-08-22 ,,
TOTAL INCOME ,- ,"20,000 "
INCOME ON 06-08-22 ,,
TOTAL INCOME ,- ,"11,000 "
INCOME ON 08-08-22 ,,
TOTAL INCOME ,- ,"15,000 "
INCOME ON 09-08-22 ,,
TOTAL INCOME ,- ,"12,500 "
INCOME ON 10-08-22 ,,
TOTAL INCOME ,- ,"14,000 "
INCOME ON 11-08-22 ,,
TOTAL INCOME ,- ,"10,000 "
INCOME ON 12-08-22 ,,
TOTAL INCOME ,- ,"19,000 "
INCOME ON 13-08-22 ,,
TOTAL INCOME ,- ,"11,500 "
INCOME ON 15-08-22 ,,
TOTAL INCOME ,- ,"15,000 "
INCOME ON 16-08-22 ,,
TOTAL INCOME ,- ,"12,000 "
INCOME ON 17-08-22 ,,
TOTAL INCOME ,- ,"16,000 "
INCOME ON 18-08-22 ,,
TOTAL INCOME ,- ,"14,500 "
INCOME ON 19-08-22 ,,
TOTAL INCOME ,- ,"16,500 "
INCOME ON 20-08-22 ,,
TOTAL INCOME ,- ,"13,000 "
INCOME ON 22-08-22 ,,
TOTAL INCOME ,- ,"11,000 "
INCOME ON 23-08-22 ,,
TOTAL INCOMEN ,- ,"10,000 "
INCOME ON 24-08-22 ,,
TOTAL INCOME ,- ,"22,000 "
INCOME ON 25-08-22 ,,
TOTAL INCOME ,- ,"9,000 "
INCOME ON 26-08-22 ,,
TOTAL INCOME ,- ,"13,000 "
INCOME ON 27-08-22 ,,
TOTAL INCOME ,- ,"17,000 "
INCOME ON 29-08-22 ,,
TOTAL INCOME ,- ,"14,000 "
INCOME ON 30-08-22 ,,
TOTAL INCOME ,- ,"10,000 "
INCOME ON 31-08-22 ,,
TOTAL INCOME ,- ,"23,000 "
INCOME ON 01-09-22 ,,
TOTAL INCOME ,- ,"11,500 "
INCOME ON 02-09-22 ,,
TOAL INCOME ,- ,"16,000 "
INCOME ON 03-09-22 ,,
TOTAL INCOME ,- ,"18,000 "
INCOME ON 05-09-22 ,,
TOTAL INCOME ,- ,"13,000 "
INCOME ON 06-09-22 ,,
TOTAL INCOME ,- ,"11,000 "
INCOME ON 07-09-22 ,,
TOTAL INCOME ,- ,"15,500 "
INCOME ON 08-09-22 ,,
TOTAL INCOME ,- ,"9,000 "
INCOME ON 09-09-22 ,,
TOTAL INCOME ,- ,"16,000 "
INCOME ON 10-09-22 ,,
TOTAL INCOME ,- ,"9,000 "
INCOME ON 12-09-22 ,,
TOTAL INCOME ,- ,"14,000 "
INCOME ON 13-09-22 ,,
TOTAL INCOME ,- ,"17,000 "
INCOME ON 14-09-22 ,,
TOTAL INCOME ,- ,"15,500 "
INCOME ON 15-09-22 ,,
TOTAL INCOME ,- ,"11,000 "
INCOME ON 16-09-22 ,,
TOTAL INCOME ,- ,"17,000 "
INCOME ON 17-09-22 ,,
TOTAL INCOME ,- ,"15,000 "
INCOME ON 19-09-22 ,,
TOTAL INCOME ,- ,"10,000 "
INCOME ON 20-09-22 ,,
TOTAL INCOME ,- ,"18,000 "
INCOME ON 21-09-22 ,,
TOTAL INCOME ,- ,"16,500 "
INCOME ON 22-09-22 ,,
TOTAL INCOME ,- ,"19,000 "
INCOME ON 23-09-22 ,,
TOTAL INCOME ,- ,"11,000 "
INCOME ON 24-09-22 ,,
TOTAL INCOME ,- ,"14,000 "
INCOME ON 26-09-22 ,,
TOTAL INCOME ,- ,"12,500 "
INCOME ON 27-09-22 ,,
TOTAL INCOME ,- ,"17,000 "
INCOME ON 28-09-22 ,,
TOTAL INCOME ,- ,"20,000 "
INCOME ON 29-09-22 ,,
TOTAL INCOME ,- ,"13,000 "
INCOME ON 30-09-22 ,,
TOTAL INCOME ,- ,"15,000 "
INCOME ON 01-10-22 ,,
TOTAL INCOME ,- ,"11,000 "
INCOME ON 03-10-22 ,,
TOTAL INCOME ,- ,"8,500 "
INCOME ON 04-10-22 ,,
TOTAL INCOME ,- ,"16,000 "
INCOME ON 05-10-22 ,,
TOTAL INCOME ,- ,"19,000 "
INCOME ON 06-10-22 ,,
TOTAL INCOME ,- ,"14,000 "
INCOME ON 07-10-22 ,,
TOTAL INCOME ,- ,"20,000 "
INCOME ON 08-10-22 ,,
TOTAL INCOME ,- ,"13,000 "
INCOME ON 10-10-22 ,,
TOTAL INCOME ,- ,"11,500 "
INCOME ON 11-10-22 ,,
TOTAL INCOME ,- ,"9,000 "
INCOME ON 12-10-22 ,,
TOTAL INCOME ,- ,"16,000 "
INCOME ON 13-10-22 ,,
TOTAL INCOME ,- ,"14,000 "
INCOME ON 14-10-22 ,,
TOTAL INCOME ,- ,"19,000 "
INCOME ON 15-10-22 ,,
TOTAL INCOME ,- ,"13,500 "
INCOME ON 17-10-22 ,,
TOTAL INCOME ,- ,"10,500 "
INCOME ON 18-10-22 ,,
TOTAL INCOME ,- ,"17,000 "
INCOME ON 19-10-22 ,,
TOTAL INCOME ,- ,"22,000 "
INCOME ON 20-10-22 ,,
TOTAL INCOME ,- ,"15,000 "
INCOME ON 21-10-22 ,,
TOTAL INCOME ,- ,"14,500 "
INCOME ON 22-10-22 ,,
TOTAL INCOME ,- ,"12,000 "
INCOME ON 24-10-22 ,,
TOTAL INCOME ,- ,"14,000 "
INCOME ON 25-10-22 ,,
TOTAL INCOME ,- ,"10,000 "
INCOME ON 26-10-22 ,,
TOTAL INCOME ,- ,"16,000 "
INCOME ON 27-10-22 ,,
TOTAL INCOME ,- ,"14,000 "
INCOME ON 28-10-22 ,,
TOTAL INCOME ,- ,"16,000 "
INCOME ON 29-10-22 ,,
TOTAL INCOME ,- ,"13,500 "
INCOME ON 31-10-22 ,,
TOTAL INCOME ,- ,"23,000 "
INCOME ON 01-11-22 ,,
TOTAL INCOME ,- ,"10,000 "
INCOME ON 02-11-22 ,,
TOTAL INCOME ,- ,"14,000 "
INCOME ON 03-11-22 ,,
TOTAL INCOME ,- ,"11,000 "
INCOME ON 04-11-22 ,,
TOTAL INCOME ,- ,"16,000 "
INCOME ON 05-11-22 ,,
TOTAL INCOME ,- ,"18,000 "
INCOME ON 07-11-22 ,,
TOTAL INCOME ,- ,"14,000 "
INCOME ON 08-11-22 ,,
TOTAL INCOME ,- ,"10,000 "
INCOME ON 09-11-22 ,,
TOTAL INCOME ,- ,"17,000 "
INCOME ON 10-11-22 ,,
TOTAL INCOME ,- ,"11,000 "
INCOME ON 11-11-22 ,,
TOTAL INCOME ,- ,"16,000 "
INCOME ON 12-11-22 ,,
TOTAL INCOME ,- ,"21,000 "
INCOME ON 14-11-22 ,,
TOTAL INCOME ,- ,"13,000 "
INCOME ON 15-11-22 ,,
TOTAL INCOME ,- ,"17,000 "
INCOME ON 16-11-22 ,,
TOTAL INCOME ,- ,"10,000 "
INCOME ON 17-11-22 ,,
TOTAL INCOME ,- ,"14,000 "
INCOME ON 18-11-22 ,,
TOTAL INCOME ,- ,"19,000 "
INCOME ON 19-11-22 ,,
TOTAL INCOME ,- ,"15,000 "
INCOME ON 21-11-22 ,,
TOTAL INCOME ,- ,"11,500 "
INCOME ON 22-11-22 ,,
TOTAL INCOME ,- ,"15,000 "
INCOME ON 23-11-22 ,,
TOTAL INCOME ,- ,"20,000 "
INCOME ON 24-11-22 ,,
TOTAL INCOME ,- ,"11,000 "
INCOME ON 25-11-22 ,,
TOTAL INCOME ,- ,"15,000 "
INCOME ON 26-11-22 ,,
TOTAL INCOME ,- ,"17,500 "
INCOME ON 28-11-22 ,,
TOTAL INCOME ,- ,"9,500 "
INCOME ON 29-11-22 ,,
TOTAL INCOME ,- ,"16,000 "
INCOME ON 30-11-22 ,,
TOTAL INCOME ,- ,"20,000 "
INCOME ON 01-12-22 ,,
TOTAL INCOME ,- ,"13,500 "
INCOME ON 02-12-22 ,,
TOTAL INCOME ,- ,"18,000 "
INCOME ON 03-12-22 ,,
TOTAL INCOME ,- ,"10,000 "
INCOME ON 05-12-22 ,,
TOTAL INCOME ,- ,"15,000 "
INCOME ON 06-12-22 ,,
TOTAL INCOME ,- ,"19,000 "
INCOME 07-12-22 ,,
TOTAL INCOME ,- ,"17,000 "
INCOME ON 08-12-22 ,,
TOTAL INCOME ,- ,"14,500 "
INCOME ON 09-12-22 ,,
TOTAL INCOME ,- ,"21,000 "
INCOME ON 10-12-22 ,,
TOTAL INCOME ,- ,"25,000 "
INCOME ON 12-12-22 ,,
TOTAL INCOME ,- ,"14,000 "
INCOME ON 13-12-22 ,,
TOTAL INCOME ,- ,"17,000 "
INCOME ON 14-12-22 ,,
TOTAL INCOME ,- ,"9,000 "
INCOME ON 15-12-22 ,,
TOTAL INCOME ,- ,"18,500 "
INCOME ON 16-12-22 ,,
TOTAL INCOME ,- ,"16,000 "
INCOME ON 17-12-22 ,,
TOTAL INCOME ,- ,"20,000 "
INCOME ON 19-12-22 ,,
TOTAL INCOME ,- ,"17,000 "
INCOME ON 20-12-22 ,,
TOTAL INCOME ,- ,"22,000 "
INCOME ON 21-12-22 ,,
TOTAL INCOME ,- ,"18,000 "
INCOME ON 22-12-22 ,,
TOTAL INCOME ,- ,"16,500 "
INCOME ON 23-12-22 ,,
TOTAL INCOME ,- ,"27,000 "
INCOME ON 24-12-22 ,,
TOTAL INCOME ,- ,"21,500 "
INCOME ON 26-12-22 ,,
TOTAL INCOME ,- ,"18,000 "
INCOME ON 27-12-22 ,,
TOTAL INCOME ,- ,"13,000 "
INCOME ON 28-12-22 ,,
TOTAL INCOME ,- ,"16,500 "
INCOME ON 29-12-22 ,,
TOTAL INCOME ,- ,"10,000 "
INCOME ON 30-12-22 ,,
TOTAL INCOME ,- ,"14,500 "
INCOME ON 31-12-22 ,,
TOTAL INCOME ,- ,"21,000 "
INCOME ON 04-01-23 ,,
TOTAL INCOME ,- ,NIL 
INCOME ON 05-01-23 ,,
TOTAL INCOME ,- ,"1,500 "
INCOME ON 06-01-23 ,,
TOTAL INCOME ,- ,"2, 000 "
INCOME ON 07-01-23 ,,
TOTAL INCOME ,- ,"1, 000 "
INCOME ON 09-01-23 ,,
TOTAL INCOME ,- ,"13, 000 "
INCOME ON 10-01-23 ,,
TOTAL INCOME ,- ,"17, 000 "
INCOME ON 11-01-23 ,,
TOTAL INCOME ,- ,"11, 000 "
INCOME ON 12-01-23 ,,
TOTAL INCOME ,- ,"14, 000 "
INCOME ON 13-01-23 ,,
TOTAL INCOME ,- ,"13, 000 "
INCOME ON 14-01-23 ,,
TOTAL INCOME ,- ,"10, 000 "
INCOME ON 16-01-23 ,,
TOTAL INCOME ,- ,"8, 000 "
INCOME ON 17-01-23 ,,
TOTAL INCOME ,- ,"9, 500 "
INCOME ON 18-01-23 ,,
TOTAL INCOME ,- ,"11, 000 "
INCOME ON 19-01-23 ,,
TOTAL INCOME ,- ,"18, 000 "
INCOME ON 20-01-23 ,,
TOTAL INCOME ,- ,"12, 500 "
INCOME ON 21-01-23 ,,
TOTAL INCOME ,- ,"10, 000 "
INCOME ON 23-01-23 ,,
TOTAL INCOME ,- ,"9, 000 "
INCOME ON 24-01-23 ,,
TOTAL INCOME ,- ,"14, 000 "
INCOME ON 25-01-23 ,,
TOTAL INCOME ,- ,"10, 000 "
INCOME ON 26-01-23 ,,
TOTAL INCOME ,- ,"18, 000 "
INCOME ON 27-01-23 ,,
TOTAL INCOME ,- ,"9, 500 "
INCOME ON 28-01-23 ,,
TOTAL INCOME ,- ,"10, 000 "
INCOME ON 30-01-23 ,,
TOTAL INCOME ,- ,"19, 000 "
INCOME ON 31-01-23 ,,
TOTAL INCOME ,- ,"14, 000 "
INCOME ON 01-02-23 ,,
TOTAL INCOME ,- ,"8, 500 "
INCOME ON 02-02-23 ,,
TOTAL INCOME ,- ,"11, 000 "
INCOME ON 03-03-23 ,,
TOTAL INCOME ,- ,"9, 000 "
INCOME ON 04-02-23 ,,
TOTAL INCOME ,- ,"20, 000 "
INCOME ON 06-02-23 ,,
TOTAL INCOME ,- ,"11, 000 "
INCOME ON 07-02-23 ,,
TOTAL INCOME ,- ,"6, 000 "
INCOME ON 08-02-23 ,,
TOTAL INCOME ,- ,"13, 000 "
INCOME ON 09-02-23 ,,
TOTAL INCOME ,- ,"10, 500 "
INCOME ON 10-02-23 ,,
TOTAL INCOME ,- ,"12, 000 "
INCOME ON 11-02-23 ,,
TOTAL INCOME ,- ,"7, 000 "
INCOME ON 13-02-23 ,,
TOTAL INCOME ,- ,"9, 000 "
INCOME ON 14-02-23 ,,
TOTAL INCOME ,- ,"13, 500 "
INCOME ON 15-02-23 ,,
TOTAL INCOME ,- ,"9, 000 "
INCOME ON 16-02-23 ,,
TOTAL INCOME ,- ,"14, 000 "
INCOME ON 17-02-23 ,,
OTAL INCOME ,- ,"10, 000 "
INCOME ON 18-02-23 ,,
TOTAL INCOME ,- ,"8, 000 "
INCOME ON 20-02-23 ,,
TOTAL INCOME ,- ,"10, 000 "
INCOME ON 21-02-23 ,,
TOTAL INCOME ,- ,"16, 200 "
INCOME ON 22-02-23 ,,
TOTAL INCOME ,- ,"14, 000 "
INCOME ON 23-02-23 ,,
TOTAL INCOME ,- ,"12, 000 "
INCOME ON 24-02-23 ,,
TOTAL INCOME ,- ,"8, 000 "
INCOME ON 25-02-23 ,,
TOTAL INCOME ,- ,"10, 000 "
INCOME ON 27-02-23 ,,
TOTAL INCOME ,- ,"11, 000 "
INCOME ON 28-02-23 ,,
TOTAL INCOME ,- ,"11, 500 "
INCOME ON 01-03-23,,
TOTAL INCOME ,- ,"15, 000 "
INCOME ON 02-03-23 ,,
TOTAL INCOME ,- ,"8, 000 "
INCOME ON 03-03-23 ,,
TOTAL INCOME ,- ,"9, 200 "
INCOME ON 04-03-23 ,,
TOTAL INCOME ,- ,"6, 000 "
INCOME ON 06-03-23 ,,
TOTAL INCOME ,- ,"11, 000 "
INCOME ON 07-03-23 ,,
TOTAL INCOME ,- ,"13, 000 "
INCOME ON 08-03-23 ,,
TOTAL INCOME ,- ,"15, 000 "
INCOME ON 09-03-23 ,,
TOTAL INCOME ,- ,"19, 000 "
INCOME ON 10-03-2 ,,
TOTAL INCOME ,- ,"9, 000 "
INCOME ON 11-03-23 ,,
TOTAL INCOME ,- ,"18, 000 "
INCOME 13-03-23 ,,
TOTAL INCOME ,- ,"14, 000 "
INCOME ON 14-03-23 ,,
TOTAL INCOME ,- ,"18, 000 "
INCOME ON 15-03-23 ,,
TOTAL INCOME ,- ,"11, 000 "
INCOME ON 16-03-23 ,,
TOTAL INCOME ,- ,"23, 500 "
INCOME ON 17-03-23 ,,
TOTAL INCOME ,- ,"17, 200 "
INCOME ON 18-03-23 ,,
TOTAL INCOME ,- ,"9, 000 "
INCOME ON 20-03-23 ,,
TOTAL INCOME ,- ,"14, 000 "
INCOME ON 21-03-23 ,,
TOTAL INCOME ,- ,"21, 000 "
INCOME ON 22-03-23 ,,
TOTAL INCOME ,- ,"13, 000 "
INCOME 0N 23-03-23 ,,
TOTAL INCOME ,- ,"15, 000 "
INCOME ON 24-03-23 ,,
TOTAL INCOME ,- ,"11, 500 "
INCOME ON 25-03-23 ,,
TOTAL INCOME ,- ,"9, 500 "
INCOME ON 27-03-23 ,,
TOTAL INCOME ,- ,"15, 000 "
INCOME ON 28-03-23 ,,
TOTAL INCOME ,- ,"7, 000 "
INCOME ON 29-03-23 ,,
TOTAL INCOME ,- ,"14, 000 "
INCOME ON 30-03-23 ,,
TOTAL INCOME ,- ,"8, 000 "
INCOME ON 31-03-23 ,,
TOTAL INCOME ,- ,"23, 000 "
INCOME ON 01-04-23 ,,
TOTAL INCOME ,- ,"10, 500 "
INCOME ON 03-04-23 ,,
TOTAL INCOME ,- ,"13, 500 "
INCOME ON 04-04-23 ,,
TOTAL INCOME ,- ,"8, 000 "
INCOME ON 05-04-23 ,,
TOTAL INCOME ,- ,"10, 000 "
INCOME ON 06-04-23 ,,
TOTAL INCOME ,- ,"17, 000 "
INCOME ON 07-04-23 ,,
TOTAL INCOME ,- ,"9, 000 "
INCOME ON 08-04-23 ,,
TOTAL INCOME ,- ,"11, 000 "
INCOME ON 10-04-23 ,,
TOTAL INCOME ,- ,NIL 
INCOME ON 11-04-23 ,,
TOTAL INCOME ,- ,NIL 
INCOME ON 12-04-23 ,,
TOTAL INCOME ,- ,"6, 000 "
INCOME ON 13-04-23 ,,
TOTAL INCOME ,- ,"14, 000 "
INCOME ON 14-04-23 ,,
TOTAL INCOME ,- ,"10, 000 "
INCOME ON 15-04-23 ,,
TOTAL INCOME ,- ,"16, 000 "
INCOME ON 17-04-23 ,,
TOTAL INCOME ,- ,"9, 000 "
INCOME ON 18-04-23 ,,
TOTAL INCOME ,- ,"11, 000 "
INCOME ON 19-04-23 ,,
TOTAL INCOME ,- ,"14, 000 "
INCOME ON 20-04-23 ,,
TOTAL INCOME ,- ,"8,500 "
INCOME ON 21-04-23 ,,
TOTAL INCOME ,- ,"20, 000 "
INCOME ON 22-04-23 ,,
TOTAL INCOME ,- ,"5, 500 "
INCOME ON 24-04-23 ,,
TOTAL INCOME ,- ,"12, 300 "
INCOME ON 25-04-23 ,,
TOTAL INCOME ,- ,"10, 500 "
INCOME ON 26-04-23 ,,
TOAL INCOME ,- ,"8, 000 "
INCOME ON 27-04-23 ,,
TOTAL INCOME ,- ,"9, 500 "
INCOME ON 28-04-23 ,,
TOTAL INCOME ,- ,"13, 000 "
INCOME ON 29-04-23 ,,
TOTAL INCOME ,- ,"10, 000 "
INCOME ON 01-05-23 ,,
TOTAL INCOME ,- ,"8, 000 "
INCOME ON 02-05-23 ,,
TOTAL INCOME ,- ,"11, 000 "
INCOME ON 03-05-23 ,,
TOTAL INCOME ,- ,"13, 000 "
INCOME ON 04-05-23 ,,
TOTAL INCOME ,- ,"9, 000 "
INCOME ON 05-05-23 ,,
TOTAL INCOME ,- ,"16, 000 "
INCOME ON 06-05-23 ,,
TOTAL INCOME ,- ,"14, 000 "
INCOME ON 08-05-23 ,,
TOTAL INCOME ,- ,"8, 000 "
INCOME ON 09-05-23 ,,
TOTAL INCOME ,- ,"18, 500 "
INCOME ON 10-05-23 ,,
TOTAL INCOME ,- ,"10, 500 "
INCOME ON 11-05-23 ,,
TOTAL INCOME ,- ,"7, 000 "
INCOME ON 12-05-23 ,,
TOTA INCOME ,- ,"9, 200 "
INCOME ON 13-05-23 ,,
TOTAL INCOME ,- ,"12, 000 "
INCOME ON 15-05-23 ,,
TOTAL INCOME ,- ,"14, 000 "
INCOME ON 16-05-23 ,,
TOTAL INCOME ,- ,"11, 500 "
INCOME ON 17-05-23 ,,
TOTAL INCOME ,- ,"6, 500 "
INCOME ON 18-05-23 ,,
TOTAL INCOME ,- ,"9, 000 "
INCOME ON 19-05-23 ,,
TOTAL INCOME ,- ,"17, 000 "
INCOME ON 20-05-23 ,,
TOTAL INCOME ,- ,"14, 000 "
INCOME ON 22-05-23 ,,
TOAL INCOME ,- ,"8, 000 "
INCOME ON 23-03-23 ,,
TOTAL INCOME ,- ,"11, 000 "
INCOME ON 24-05-23 ,,
TOTAL INCOME ,- ,"11, 500 "
INCOME ON 25-05-23 ,,
TOTAL INCOME ,- ,"10, 000 "
INCOME ON 26-05-23 ,,
TOTAL INCOME ,- ,"17, 000 "
INCOME ON 27-05-23 ,,
TOTAL INCOME ,- ,"9, 000 "
INCOME ON 29-05-23 ,,
TOTAL INCOME ,- ,"26,000 "
INCOME ON 30-05-23 ,,
TOTAL INCOME ,- ,"11, 000 "
INCOME ON 31-05-23 ,,
TOTAL INCOME ,- ,"6, 000 "
INCOME ON 01-06-23 ,,
TOTAL INCOME ,- ,"10, 000 "
INCOME ON 02-06-23 ,,
TOTAL INCOME ,- ,"7, 000 "
INCOME ON 03-06-23 ,,
TOTAL INCOME ,- ,"14, 000 "
INCOME ON 05-06-23 ,,
TOTAL INCOME ,- ,"10, 000 "
INCOME ON 06-06-23 ,,
TOTAL INCOME ,- ,"8, 000 "
INCOME ON 07-06-23 ,,
TOTAL INCOME ,- ,"11, 000 "
INCOME ON 08-06-23 ,,
TOTAL INCOME ,- ,"12, 000 "
INCOME ON 09-06-23 ,,
TOTALINCOME ,- ,"14, 000 "
INCOME ON 10-06-23 ,,
TOTAL INCOME ,- ,"8, 000 "
INCOME ON 12-06-23 ,,
TOTAL INCOME ,- ,"10, 000 "
INCOME ON 13-06-23 ,,
TOTAL INCOME ,- ,"15, 000 "
INCOME ON 14-06-23 ,,
TOTAL INCOME ,- ,"17, 000 "
INCOME ON 15-06-23 ,,
TOTAL INCOME,- ,"14, 000 "
INCOME ON 16-06-23 ,,
TOTAL INCOME ,- ,"11,000 "
INCOME ON 17-06-23 ,,
TOTAL INCOME ,- ,"10,000 "
INCOME ON 19-06-23 ,,
TOTAL INCOME ,- ,"11, 000 "
INCOME ON 20-06-23 ,,
TOTAL INCOME ,- ,"7, 500 "
INCOME ON 21-06-23 ,,
TOTAL INCOME ,- ," 14, 000 "
INCOME ON 22-06-23 ,,
TOTAL INCOME ,- ,"7, 500 "
INCOME ON 23-06-23 ,,
TOTAL INCOME ,- ,"10, 000 "
INCOME ON 24-06-23 ,,
TOTAL INCOME ,- ,"16, 000 "
INCOME ON 26-06-23 ,,
TOTAL INCOME ,- ,"10, 000 "
INCOME ON 27-06-23 ,,
TOTAL INCOME ,- ,"17, 500 "
INCOME ON 28-06-23 ,,
TOTAL INCOME ,- ,"15, 500 "
INCOME ON 29-06-23 ,,
TOTAL INCOME ,- ,"12, 000 "
INCOME ON 30-06-23 ,,
TOTAL INCOME ,- ,"8, 500 "
INCOME ON 01-07-23 ,,
TOTAL INCOME ,- ,"15, 000 "
INCOME ON 03-07-23 ,,
TOTAL INCOME ,- ,"11, 000 "
INCOME ON 05-07-23 ,,
TOTAL INCOME ,- ,"13, 500 "
INCOME ON 06-07-23 ,,
TOTAL INCOME ,- ,"9, 000 "
INCOME ON 07-07-23 ,,
TOTAL INCOME ,- ,"18, 000 "
INCOME ON 08-07-23 ,,
TOTAL INCOME ,- ,"10, 500 "
INCOME ON 10-07-23 ,,
TOTAL INCOME ,- ,"20, 000 "
INCOME ON 11-07-23 ,,
TOTAL INCOME ,- ,"12, 000 "
INCOME ON 12-07-23 ,,
TOTAL INCOME ,- ,"15, 000 "
INCOME ON 13-07-23 ,,
TOTAL INCOME ,- ,"23, 000 "
INCOME ON 14-07-23 ,,
TOTAL INCOME ,- ,"14, 000 "
INCOME ON 15-07-23 ,,
TOTAL INCOME ,- ,"10, 000 "
INCOME ON 17-07-23 ,,
TOTAL INCOME ,- ,"8, 000 "
INCOME ON 18-07-23 ,,
TOTAL INCOME ,- ,"19, 000 "
INCOME ON 19-07-23 ,,
TOTAL INCOME ,- ,"12, 000 "
INCOME ON 20-07-23 ,,
TOTAL INCOME ,- ,"14, 000 "
INCOME ON 21-07-23 ,,
TOTAL INCOME ,- ,"10, 500 "
INCOME ON 22-07-23 ,,
TOTAL INCOME ,- ,"27, 000 "
INCOME ON 24-07-23 ,,
TOTAL INCOME ,- ,"9, 000 "
INCOME ON 25-07-23 ,,
TOTAL INCOME ,- ,"11, 000 "
INCOME ON 26-07-23 ,,
TOTAL INCOME ,- ,"8,500 "
INCOME ON 27-07-23 ,,
TOTAL INCOME ,- ,"22, 000 "
INCOME ON 28-07-23 ,,
TOTAL INCOME ,- ,"13, 000 "
INCOME ON 30-07-23 ,,
TOTAL INCOME ,- ,"17, 000 "
INCOME ON 31-07-23 ,,
TOTAL INCOME ,- ,"14, 000 "
INCOME ON 01-08-23 ,,
TOTAL INCOME ,- ,"19, 500 "
INCOME ON 02-08-23 ,,
TOTAL INCOME ,- ,"11, 000 "
INCOME ON 03-08-23 ,,
TOTAL INCOME ,- ,"20, 000 "
INCOME ON 04-08-23 ,,
TOTAL INCOME ,- ,"8, 000 "
INCOME ON 05-08-23 ,,
TOTAL INCOME ,- ,"13, 000 "
INCOME ON 07-08-23 ,,
TOTAL INCOME ,- ,"16, 000 "
INCOME ON 08-08-23 ,,
TOTAL INCOME ,- ,"10, 000 "
INCOME ON 09-08-23 ,,
TOTAL INCOME ,- ,"7, 500 "
INCOME ON 10-08-23 ,,
TOTAL INCOME ,- ,"19, 000 "
INCOME ON 11-08-23 ,,
TOTAL INCOME ,- ,"14, 000 "
 INCOME ON 12-08-23 ,,
TOTAL INCOME ,- ,"11, 500 "
INCOME ON 14-08-23 ,,
TOTAL INCOME ,- ,"19, 000 "
INCOME ON 15-08-23 ,,
TOTAL INCOME ,- ,"13, 000 "
INCOME ON 16-08-23 ,,
TOTAL INCOME ,- ,"8, 000 "
IINCOME ON 17-08-23 ,,
TOTAL INCOME ,- ,"11, 000 "
INCOME ON 18-08-23 ,,
TOTAL INCOME ,- ,"14, 000 "
INCOME ON 19-08-23 ,,
TOTAL INCOME ,- ,"16, 000 "
INCOME ON 20-08-23 ,,
TOTAL INCOME ,- ,"11, 000 "
INCOME ON 21-08-23 ,,
TOTAL INCOME ,- ,"9, 500 "
INCOME ON 22-08-23 ,,
TOTAL INCOME ,- ,"22, 000 "
INCOME ON 23-08-23 ,,
TOTAL INCOME ,- ,"13, 000 "
INCOME ON 24-08-23 ,,
TOTAL INCOME ,- ,"16, 000 "
INCOME ON 25-08-23 ,,
TOTAL INCOME ,- ,"12, 000 "
INCOME ON 26-08-23 ,,
TOTAL INCOME ,- ,"9, 000 "
INCOME ON 28-08-23 ,,
TOTAL INCOME ,- ,"21, 000 "
INCOME ON 29-08-23 ,,
TOTAL INCOME ,- ,"15, 000 "
INCOME ON 30-08-23 ,,
TOTAL INCOME ,- ,"14, 000 "
INCOME ON 31-08-23 ,,
TOTAL INCOME ,- ,"9, 000 "
INCOME ON 01-09-23 ,,
TOTAL INCOME ,- ,"20, 000 "
INCOME ON 02-09-23 ,,
TOTAL INCOME ,- ,"13, 000 "
INCOME ON 03-09-23 ,,
TOTAL INCOME ,- ,"17, 000 "
INCOME ON 04-09-23 ,,
TOTAL INCOM ,- ,"10, 000 "
INCOME ON 05-09-23 ,,
TOTAL INCOME ,- ,"13, 000 "
INCOME ON 07-09-23 ,,
TOTAL INCOME ,- ,"11, 000 "
INCOME ON 08-09-23 ,,
TOTAL INCOME ,- ,"15, 000 "
INCOME ON 09-09-23 ,,
TOTAL INCOME ,- ,"11, 000 "
INCOME ON 11-09-23 ,,
TOTAL INCOME ,- ,"17, 000 "
INCOME ON 12-09-23 ,,
TOTAL INCOME ,- ,"9, 000 "
INCOME ON 13-09-23 ,,
TOTAL INCOME ,- ,"13, 000 "
INCOME ON 14-09-23 ,,
TOTAL INCOME ,- ,"6, 000 "
INCOME ON 15-09-23 ,,
TOTAL INCOME ,- ,"19, 000 "
INCOME ON 16-09-23 ,,
TOTAL INCOME ,- ,"11, 000 "
INCOME ON 18-09-23 ,,
TOTAL INCOME ,- ,"14, 000 "
INCOME ON 19-09-23 ,,
TOTAL INCOME ,- ,"18, 000 "
INCOME ON 20-09-23 ,,
TOTAL INCOME ,- ,"10, 000 "
INCOME ON 22-09-23 ,,
TOTAL INCOME ,- ,"7, 500 "
INCOME ON 23-09-23 ,,
TOTAL INCOME ,- ,"11, 000 "
INCOME ON 25-09-23 ,,
TOTAL INCOME ,- ,"9, 500 "
INCOME ON 26-09-23 ,,
TOTAL INCOME ,- ,"16, 000 "
INCOME ON 27-09-23 ,,
TOTAL INCOME ,- ,"14, 000 "
INCOME ON 28-09-23 ,,
TOTAL INCOME ,- ,"20, 000 "
INCOME ON 29-09-23 ,,
TOTAL INCOME ,- ,"11, 000 "
INCOME ON 30-09-23 ,,
TOTAL INCOME ,- ,"16, 000 "
INCOME ON 02-10-23 ,,
TOTAL INCOME ,- ,"7, 000 "
INCOME ON 03-10-23 ,,
TOTAL INCOME ,- ,"11, 000 "
INCOME ON 04-10-23 ,,
TOTAL INCOME ,- ,"21, 000 "
INCOME ON 05-10-23 ,,
TOTAL INCOME ,- ,"13, 000 "
INCOME ON 06-10-23 ,,
TOTAL INCOME ,- ,"8, 500 "
INCOME ON 07-10-23 ,,
TOTAL INCOME ,- ,"15, 000 "
INCOME ON 09-10-23 ,,
TOTAL INCOME ,- ,"12, 000 "
INCOME ON 10-10-23 ,,
TOTAL INCOME ,- ,"16, 000 "
INCOME ON 11-10-23 ,,
TOTAL INCOME ,- ,"24, 000 "
INCOME ON 12-10-23 ,,
TOTAL INCOME ,- ,"12, 000 "
INCOME ON 13-10-23 ,,
TOTAL INCOME ,- ,"10, 000 "
INCOME ON 14-10-23 ,,
TOTAL INCOME ,- ," 14, 000 "
INCOME ON 16-10-23 ,,
TOTAL INCOME ,- ,"9, 000 "
INCOME ON 17-10-23 ,,
TOTA INCOME ,- ,"16, 000 "
INCOME ON 18-10-23 ,,
TOTAL INCOME ,- ,"10, 000 "
INCOME ON 19-10-23 ,,
TOTAL INCOME ,- ,"12, 000 "
INCOME ON 20-10-23 ,,
TOTAL INCOME ,- ,"8, 000 "
INCOME ON 21-10-23 ,,
TOTAL INCOME ,- ,"17, 000 "
INCOME ON 23-10-23 ,,
TOTAL INCOME ,- ,"11, 000 "
INCOME ON 24-10-23 ,,
TOTAL INCOME ,- ,"8, 500 "
INCOME ON 25-10-23 ,,
TOTAL INCOME ,- ,"13, 000 "
INCOME ON 26-10-23 ,,
TOTAL INCOME ,- ,"16, 000 "
INCOME ON 27-10-23 ,,
TOTAL INCOME ,- ,"21, 000 "
INCOME ON 29-10-23 ,,
TOTAL INCOME ,- ,"12, 000 "
INCOME ON 30-10-23 ,,
TOTAL INCOME ,- ,"15, 000 "
INCOME ON 31-10-23 ,,
TOTAL INCOME ,- ,"19, 000 "
INCOME ON 01-11-23 ,,
TOTAL INCOME ,- ,"20, 000 "
INCOME ON 02-11-23 ,,
TOTAL INCOME ,- ,"11, 000 "
INCOME ON 03-11-23 ,,
TOTAL INCOME ,- ,"14, 000 "
INCOME ON 04-11-23 ,,
TOTAL INCOME ,- ,"10,000 "
INCOME ON 06-11-23 ,,
TOTAL INCOME ,- ,"13, 000 "
INCOME ON 07-11-23 ,,
TOTAL INCOME ,- ,"18, 000 "
INCOME ON 08-11-23 ,,
TOTAL INCOME ,- ,"12, 000 "
INCOME ON 09-11-23 ,,
TOTAL INCOME ,- ,"15, 000 "
INCOME ON 10-11-23 ,,
TOTAL INCOME ,- ,"10, 000 "
INCOME ON 11-11-23 ,,
TOTAL INCOME ,- ,"13, 000 "
INCOME ON 13-11-23 ,,
TOTAL INCOME ,- ,"7, 000 "
INCOME ON 14-11-23 ,,
TOTAL INCOME ,- ,"12, 000 "
INCOME ON 15-11-23 ,,
TOTAL INCOME ,- ,"25, 000 "
INCOME ON 16-11-23 ,,
TOTAL INCOME ,- ,"17, 000 "
INCOME ON 17-11-23 ,,
TOTAL INCOME ,- ,"11, 000 "
INCOME ON 18-11-23 ,,
TOTAL INCOME ,- ,"16, 000 "
INCOME ON 20-11-23 ,,
TOTAL INCOME ,- ,"10, 000 "
INCOME ON 21-11-23 ,,
TOTAL INCOME ,- ,"8, 000 "
INCOME ON 22-11-23 ,,
TOTAL INCOME ,- ,"14, 000 "
INCOME ON 23-11-23 ,,
TOTAL INCOME ,- ,"19, 000 "
INCOME ON 25-11-23 ,,
TOTAL INCOME ,- ,"15, 000 "
INCOME ON 26-11-23 ,,
TOTAL INCOME ,- ,"11, 000 "
INCOME ON 27-11-23 ,,
TOTAL INCOME ,- ,"8, 000 "
INCOME ON 28-11-23 ,,
TOTAL INCOME ,- ,"16, 000 "
INCOME ON 29-11-23 ,,
TOTAL INCOME ,- ,"13, 000 "
INCOME ON 30-11-23 ,,
TOTAL INCOME ,- ,"10, 000 "
INCOME ON 01-12-23 ,,
TOTAL INCOME ,- ,"8, 000 "
INCOME ON 02-12-23 ,,
TOTAL INCOME ,- ,"14, 000 "
INCOME ON 04-12-23 ,,
TOTAL INCOME ,- ,"21, 000 "
INCOME ON 05-12-23 ,,
TOTAL INCOME ,- ,"11, 000 "
INCOME ON 06-12-23 ,,
TOTAL INCOME ,- ,"12, 000 "
INCOME ON 07-12-23 ,,
TOTAL INCOME ,- ,"8, 000 "
INCOME ON 08-12-23 ,,
TOTAL INCOME ,- ,"20, 000 "
INCOME ON 09-12-23 ,,
TOTAL INCOME ,- ,"17, 000 "
INCOME ON 11-12-23 ,,
TOTAL INCOME ,- ,"10, 000 "
INCOME ON 12-12-23 ,,
TOTAL INCOME ,- ,"14,000 "
INCOME ON 13-12-23 ,,
TOTAL INCOME ,- ,"11, 000 "
INCOME ON 14-12-23 ,,
TOTAL INCOME ,- ,"14, 000 "
INCOME ON 15-12-23 ,,
TOTAL INCOME ,- ,"10, 000 "
INCOME ON 16-12-23 ,,
TOTAL INCOME ,- ,"17, 000 "
INCOME ON 18-12-23 ,,
TOTAL INCOME ,- ,"12, 500 "
INCOME ON 19-12-23 ,,
TOTAL INCOME ,- ,"19, 000 "
INCOME ON 20-12-23 ,,
TOTAL INCOME ,- ,"14, 000 "
INCOME ON 21-12-23 ,,
TOTAL INCOME ,- ,"17, 000 "
INCOME ON 22-12-23 ,,
TOTAL INCOME ,- ,"26, 000 "
INCOME ON 23-12-23 ,,
TOTAL INCOME ,- ,"18, 000 "
INCOME ON 25-12-23 ,,
TOTAL INCOME ,- ,NIL 
INCOME ON 26-12-23 ,,
TOTAL INCOME ,- ,"14, 000 "
INCOME ON 27-12-23 ,,
TOTAL INCOME ,- ,"10, 000 "
INCOME ON 28-12-23 ,,
TOTAL INCOME ,- ,"6, 000 "
INCOME ON 29-12-23 ,,
TOTAL INCOME ,- ,"11, 000 "
INCOME ON 30-12-23 ,,
TOTAL INCOME ,- ,"17, 000 "
INCOME ON 03-01-24 ,,
TOTAL INCOME ,- ,"3,500 "
INCOME ON 04-01-24 ,,
TOTAL INCOME ,- ,"2,000 "
INCOME ON 05-01-24 ,,
TOTAL INCOME ,- ,"6,000 "
INCOME ON 06-01-24 ,,
TOTAL INCOME ,- ,"4,000 "
INCOME ON 08-01-24 ,,
TOTAL INCOME ,- ,"9,000 "
INCOME ON 09-01-24 ,,
TOTAL INCOME ,- ,"7,200 "
INCOME ON 10-01-24 ,,
TOTAL INCOME ,- ,"3,000 "
INCOME ON 11-01-24 ,,
TOTAL INCOME ,- ,"1,500 "
INCOME ON 12-01-24 ,,
TOTAL INCOME ,- ,"11,500 "
INCOME ON 13-01-24 ,,
TOTAL INCOME ,- ,"2,500 "
INCOME ON 15-01-24 ,,
TOTAL INCOME ,- ,"8,000 "
INCOME ON 16-01-24 ,,
TOTAL INCOME ,- ,"5,500 "
INCOME ON 17-01-24 ,,
TOTAL INCOME ,- ,"3,700 "
INCOME ON 18-01-24 ,,
TOTAL INCOME ,- ,"7,000 "
INCOME ON 19-01-24 ,,
TOTAL INCOME ,- ,"10,000 "
INCOME ON 20-01-24 ,,
TOTAL INCOME ,- ,"4,000 "
INCOME ON 22-01-24 ,,
TOTAL INCOME ,- ,"6,300 "
INCOME ON 23-01-24 ,,
TOTAL INCOME ,- ,"3,500 "
INCOME ON 24-01-24 ,,
TOTAL INCOME ,- ,"11,000 "
INCOME ON 25-01-24 ,,
TOTAL INCOME ,- ,"13,000 "
INCOME ON 26-01-24 ,,
TOTAL INCOME ,- ,"4,000 "
INCOME ON 27-01-24 ,,
TOTAL INCOME ,- ,"12,000 "
INCOME ON 29-01-24 ,,
TOTAL INCOME ,- ,"6,500 "
INCOME ON 30-01-24 ,,
TOTAL INCOME ,- ,"15,000 "
INCOME ON 31-01-24 ,,
TOTAL INCOME ,- ,"14,500 "
INCOME ON 01-02-24 ,,
TOTAL INCOME ,- ,"9,000 "
INCOME ON 02-02-24 ,,
TOTAL INCOME ,- ,"11,000 "
INCOME ON 03-02-24 ,,
TOTAL INCOME ,- ,"7,000 "
INCOME ON 05-02-24 ,,
TOTAL INCOME ,- ,"3,000 "
INCOME ON 06-02-24 ,,
TOTAL INCOME ,- ,"10,000 "
INCOME ON 07-02-24 ,,
TOTAL INCOME ,- ,"14,500 "
INCOME ON 08-02-24 ,,
TOTAL INCOME ,- ,"9,000 "
INCOME ON 09-02-24 ,,
TOTAL INCOME ,- ,"12,000 "
INCOME ON 10-02-24 ,,
TOTAL INCOME ,- ,"17,000 "
INCOME ON 12-02-24 ,,
TOTAL INCOME ,- ,"8,000 "
INCOME ON 13-02-24 ,,
TOTAL INCOME ,- ,"6,500 "
INCOME ON 14-02-24 ,,
TOTAL INCOME ,- ,"11,000 "
INCOME ON 15-02-24 ,,
TOTAL INCOME ,- ,"18,000 "
INCOME ON 16-02-24 ,,
TOTAL INCOME ,- ,"7,000 "
INCOME ON 17-02-24 ,,
TOTAL INCOME ,- ,"12,000 "
INCOME ON 19-02-24 ,,
TOTAL INCOME ,- ,"14,000 "
INCOME ON 20-02-24 ,,
TOTAL INCOME ,- ,"6,000 "
INCOME ON 21-02-24 ,,
TOTAL INCOME ,- ,"13,000 "
INCOME ON 22-02-24 ,,
TOTAL INCOME ,- ,"4,000 "
INCOME ON 23-02-24 ,,
TOTAL INCOME ,- ,"11,000 "
INCOME ON 24-02-24 ,,
TOTAL INCOME ,- ,"17,000 "
INCOME ON 26-02-24 ,,
TOTAL INCOME ,- ,"10,000 "
INCOME ON 27-02-24 ,,
TOTAL INCOME ,- ,"8,500 "
INCOME ON 28-02-24 ,,
TOTAL INCOME ,- ,"22,500 "
INCOME ON 29-02-24 ,,
TOTAL INCOME ,- ,"9,500 "
INCOME ON 01-03-24 ,,
TOTAL INCOME ,- ,"13,000 "
INCOME ON 02-03-24 ,,
TOTAL INCOME ,- ,"6,000 "
INCOME ON 04-03-24 ,,
TOTAL INCOME ,- ,"11,000 "
INCOME ON 05-03-24 ,,
TOTAL INCOME ,- ,"8,500 "
INCOME ON 06-03-24 ,,
TOTAL INCOME ,- ,"15,500 "
INCOME ON 07-03-24 ,,
TOTAL INCOME ,- ,"9,000 "
INCOME ON 08-03-24 ,,
TOTAL INCOME ,- ,"18,000 "
INCOME ON 09-03-24 ,,
TOTAL INCOME ,- ,"11,500 "
INCOME ON 11-03-24 ,,
TOTAL INCOME ,- ,"6,000 "
INCOME ON 12-03-24 ,,
TOTAL INCOME ,- ,"13,000 "
INCOME ON 13-03-24 ,,
TOTAL INCOME ,- ,"10,000 "
INCOME ON 14-03-24 ,,
TOTAL INCOME ,- ,"7,500 "
INCOME ON 15-03-24 ,,
TOTAL INCOME ,- ,"19,000 "
INCOME ON 16-03-24 ,,
TOTAL INCOME ,- ,"9,000 "
INCOME ON 18-03-24 ,,
TOTAL INCOME ,- ,"11,500 "
INCOME ON 19-03-24 ,,
TOTAL INCOME ,- ,"14,000 "
INCOME ON 20-03-24 ,,
TOTAL INCOME ,- ,"18,500 "
INCOME ON 21-03-24 ,,
TOTAL INCOME ,- ,"10,000 "
INCOME ON 22-03-24 ,,
TOTAL INCOME ,- ,"19,000 "
INCOME ON 23-03-24 ,,
TOTAL INCOME ,- ,"4,500 "
INCOME ON 25-03-24 ,,
TOTAL INCOME ,- ,"13,000 "
INCOME ON 26-03-24 ,,
TOTAL INCOME ,- ,"10,000 "
INCOME ON 27-03-24 ,,
TOTAL INCOME ,- ,"16,000 "
INCOME ON 28-03-24 ,,
TOTAL INCOME ,- ,"8,500 "
INCOME ON 29-03-24 ,,
TOTAL INCOME ,- ,"21,000 "
INCOME ON 30-03-24 ,,
TOTAL INCOME ,- ,"7,000 "
INCOME ON 01-04-24 ,,
TOTAL INCOME ,,NIL 
INCOME ON 02-04-24 ,,
TOTAL INCOME ,- ,"2,000 "
INCOME ON 03-04-24 ,,
TOTAL INCOME ,- ,"12,000 "
INCOME ON 04-04-24 ,,
TOTAL INCOME ,- ,"16,000 "
INCOME ON 05-04-24 ,,
TOTAL INCOME ,- ,"10,000 "
INCOME ON 06-04-24 ,,
TOTAL INCOME ,- ,"11,000 "
INCOME ON 08-04-24 ,,
TOTAL INCOME ,- ,"14,000 "
INCOME ON 09-04-24 ,,
TOTAL INCOME ,- ,"6,000 "
INCOME ON 10-04-24 ,,
TOTAL INCOME ,- ,"9,000 "
INCOME ON 11-04-24 ,,
TOTAL INCOME ,- ,"4,500 "
INCOME ON 12-04-24 ,,
TOTAL INCOME ,- ,"13,000 "
INCOME ON 13-04-24 ,,
TOTAL INCOME ,- ,"10,000 "
INCOME ON 15-04-24 ,,
TOTAL INCOME ,- ,"13,000 "
INCOME ON 16-04-24 ,,
TOTAL INCOME ,- ,"10,000 "
INCOME ON 17-04-24 ,,
TOTAL INCOME ,- ,"16,000 "
INCOME ON 18-04-24 ,,
TOTAL INCOME ,- ,"14,500 "
INCOME ON 19-04-24 ,,
TOTAL INCOME ,- ,"17,000 "
INCOME ON 20-04-24 ,,
TOTAL INCOME ,- ,"9,000 "
INCOME ON 22-04-24 ,,
TOTAL INCOME ,- ,"12,000 "
INCOME ON 23-04-24 ,,
TOTAL INCOME ,- ,"10,000 "
INCOME ON 24-04-24 ,,
TOTAL INCOME ,- ,"18,000 "
INCOME ON 25-04-24 ,,
TOTAL INCOME ,- ,"14,000 "
INCOME ON 26-04-24 ,,
TOTAL INCOME ,- ,"8,000 "
INCOME ON 27-04-24 ,,
TOTAL INCOME ,- ,"13,000 "
INCOME ON 29-04-24 ,,
TOTAL INCOME ,- ,"8,000 "
INCOME ON 30-04-24 ,,
TOTAL INCOME ,- ,"11,000 "
INCOME ON 01-05-24 ,,
TOTAL INCOME ,- ,"14,000 "
INCOME ON 02-05-24 ,,
TOTAL INCOME ,- ,"11,000 "
INCOME ON 03-05-24 ,,
TOTAL INCOME ,- ,"16,000 "
INCOME ON 04-05-24 ,,
TOTAL INCOME ,- ,"8,000 "
INCOME ON 06-05-24 ,,
TOTAL INCOME ,- ,"14,000 "
INCOME ON 07-05-24 ,,
TOTAL INCOME ,- ,"9,000 "
INCOME ON 08-05-24 ,,
TOTAL INCOME ,- ,"13,000 "
INCOME ON 09-04-24 ,,
TOTAL INCOME ,- ,"10,500 "
INCOME ON 10-05-24 ,,
TOTAL INCOME ,- ,"17,000 "
INCOME ON 11-05-24 ,,
TOTAL INCOME ,- ,"12,000 "
INCOME ON 13-05-24 ,,
TOTAL INCOME ,- ,"9,500 "
INCOME ON 14-05-24 ,,
TOTAL INCOME ,- ,"11,000 "
INCOME ON 15-05-24 ,,
TOTAL INCOME ,- ,"18,000 "
INCOME ON 16-05-25 ,,
TOTAL INCOME ,- ,"14,000 "
INCOME ON 17-05-25 ,,
TOTAL INCOME ,- ,"17,000 "
INCOME ON 18-05-25 ,,
TOTAL INCOME ,- ,"6,500 "
INCOME ON 20-05-24 ,,
TOTAL INCOME ,- ,"11,000 "
INCOME ON 21-05-24 ,,
TOTAL INCOME ,- ,"9,500 "
INCOME ON 22-05-24 ,,
TOTAL INCOME ,- ,"17,500 "
INCOME ON 23-05-24 ,,
TOTAL INCOME ,- ,"14,000 "
INCOME ON 24-05-24 ,,
TOTAL INCOME ,- ,"10,000 "
INCOME ON 25-05-24 ,,
TOTAL INCOME ,- ,"12,500 "
INCOME ON 27-05-24 ,,
TOTAL INCOME ,- ,"10,000 "
INCOME ON 28-05-24 ,,
TOTAL INCOME ,- ,"16,000 "
INCOME ON 29-05-24 ,,
TOTAL INCOME ,- ,"20,000 "
INCOME ON 30-05-24 ,,
TOTAL INCOME ,- ,"11,000 "
INCOME ON 31-05-24 ,,
TOTAL INCOME ,- ,"14,000 "
INCOME ON 01-06-24 ,,
TOTAL INCOME ,- ,"10,000 "
INCOME ON 03-06-24 ,,
TOTAL INCOME ,- ,"11,500 "
INCOME ON 04-06-24 ,,
TOTAL INCOME ,- ,"14,000 "
INCOME ON 05-06-24 ,,
TOTAL INCOME ,- ,"10,500 "
INCOME ON 06-06-24 ,,
TOTAL INCOME ,- ,"12,000 "
INCOME ON 07-06-24 ,,
TOTAL INCOME ,- ,"15,000 "
INCOME ON 08-06-24 ,,
TOTAL INCOME ,- ,"6,000 "
INCOME ON 10-06-24 ,,
TOTAL INCOME ,- ,"11,000 "
INCOME ON 11-06-24 ,,
TOTAL INCOME ,- ,"13,000 "
INCOME ON 12-06-24 ,,
TOTAL INCOME ,- ,"17,000 "
INCOME ON 13-06-24 ,,
TOTAL INCOME ,- ,"10,500 "
INCOME ON 14-06-24 ,,
TOTAL INCOME ,- ,"15,000 "
INCOME ON 15-06-24 ,,
TOTAL INCOME ,- ,"7,000 "
INCOME ON 17-06-24 ,,
TOTAL INCOME ,- ,"11,000 "
INCOME ON 18-06-24 ,,
TOTAL INCOME ,- ,"13,000 "
INCOME ON 19-06-24 ,,
TOTAL INCOME ,- ,"15,500 "
INCOME ON 20-06-24 ,,
TOTAL INCOME ,- ,"12,000 "
INCOME ON 21-06-24 ,,
TOTAL INCOME ,- ,"10,000 "
INCOME ON 22-06-24 ,,
TOTAL INCOME ,- ,"8,500 "
INCOME ON 24-06-24 ,,
TOTAL INCOME ,- ,"11,000 "
INCOME ON 25-06-24 ,,
TOTAL INCOME ,- ,"13,000 "
INCOME ON 26-06-24 ,,
TOTAL INCOME ,- ,"9,000 "
INCOME ON 27-06-24 ,,
TOTAL INCOME ,- ,"14,000 "
INCOME ON 28-06-24 ,,
TOTAL INCOME ,- ,"11,000 "
INCOME ON 29-06-24 ,,
TOTAL INCOME ,- ,"9,000 "
INCOME ON 01-07-24 ,,
TOTAL INCOME ,- ,"10,000 "
INCOME ON 02-07-24 ,,
TOTAL INCOME ,- ,"8,500 "
INCOME ON 03-07-24 ,,
TOTAL INCOME ,- ,"15,000 "
INCOME ON 04-07-24 ,,
TOTAL INCOME ,- ,"10,000 "
INCOME ON 05-07-24 ,,
TOTAL INCOME ,- ,"12,000 "
INCOME ON 06-07-24 ,,
TOTAL INCOME ,- ,"9,000 "
INCOME ON 08-07-24 ,,
TOTAL INCOME ,- ,"15,000 "
INCOME ON 09-07-24 ,,
TOTAL INCOME ,- ,"11,000 "
INCOME ON 10-07-24 ,,
TOTAL INCOME ,- ,"13,000 "
INCOME ON 11-07-24 ,,
TOTAL INCOME ,- ,"17,000 "
INCOME ON 12-07-24 ,,
TOTAL INCOME ,- ,"10,500 "
INCOME ON 13-07-24 ,,
TOTAL INCOME ,- ,"8,000 "
INCOME ON 15-07-24 ,,
TOTAL INCOME ,- ,"13,000 "
INCOME ON 16-07-24 ,,
TOTAL INCOME ,- ,"9,000 "
INCOME ON 17-07-24 ,,
TOTAL INCOME ,- ,"16,000 "
INCOME ON 18-07-24 ,,
TOTAL INCOME ,- ,"13,000 "
INCOME ON 19-07-24 ,,
TOTAL INCOME ,- ,"14,000 "
INCOME ON 20-07-24 ,,
TOTAL INCOME ,- ,"10,000 "
INCOME ON 22-07-24 ,,
TOTAL INCOME ,- ,"8,000 "
INCOME ON 23-07-24 ,,
TOTAL INCOME ,- ,"11,000 "
INCOME ON 24-07-24 ,,
TOTAL INCOME ,- ,"15,000 "
INCOME ON 25-07-24 ,,
TOTAL INCOME ,- ,"11,000 "
INCOME ON 26-07-24 ,,
TOTAL INCOME ,- ,"10,000 "
INCOME ON 27-07-24 ,,
TOTAL INCOME ,- ,"10,500 "
INCOME ON 29-07-24 ,,
TOTAL INCOME ,- ,"12,000 "
INCOME ON 30-07-24 ,,
TOTAL INCOME ,- ,"14,500 "
INCOME ON 31-07-24 ,,
TOTAL INCOME ,- ,"21,000 "
INCOME ON 01-08-24 ,,
TOTAL INCOME ,- ,"8,000 "
INCOME ON 02-08-24 ,,
TOTAL INCOME ,- ,"12,000 "
INCOME ON 03-08-24 ,,
TOTAL INCOME ,- ,"10,000 "
INCOME ON 05-08-24 ,,
TOTAL INCOME ,- ,"7,000 "
INCOME ON 06-08-24 ,,
TOTAL INCOME ,- ,"10,000 "
INCOME ON 07-08-24 ,,
TOTAL INCOME ,- ,"16,000 "
INCOME ON 08-08-24 ,,
TOTAL INCOME ,- ,"11,000 "
INCOME ON 09-08-24 ,,
TOTAL INCOME ,- ,"12,000 "
INCOME ON 10-08-24 ,,
TOTAL INCOME ,- ,"8,000 "
INCOME ON 12-08-24 ,,
TOTAL INCOME ,- ,"13,000 "
INCOME ON 13-08-24 ,,
TOTAL INCOME ,- ,"11,000 "
INCOME ON 14-08-24 ,,
TOTAL INCOME ,- ,"15,000 "
INCOME ON 15-08-24 ,,
TOTAL INCOME ,- ,"12,000 "
INCOME ON 16-08-24 ,,
TOTAL INCOME ,- ,"10,000 "
INCOME ON 17-08-24 ,,
TOTAL INCOME ,- ,"8,000 "
INCOME ON 19-08-24 ,,
TOTAL INCOME ,- ,"13,000 "
INCOME ON 20-08-24 ,,
TOTAL INCOME ,- ,"11,000 "
INCOME ON 21-08-24 ,,
TOTAL INCOME ,- ,"13,000 "
INCOME ON 22-08-24 ,,
TOTAL INCOME ,- ,"10,500 "
INCOME ON 23-08-24 ,,
TOTAL INCOME ,- ,"19,000 "
INCOME ON 24-08-24 ,,
TOTAL INCOME ,- ,"11,000 "
INCOME ON 26-08-24 ,,
TOTAL INCOME ,- ,"7,000 "
INCOME ON 27-08-24 ,,
TOTAL INCOME ,- ,"14,000 "
INCOME ON 28-08-24 ,,
TOTAL INCOME ,- ,"16,000 "
INCOME ON 29-08-24 ,,
TOTAL INCOME ,- ,"8,000 "
INCOME ON 30-08-24 ,,
TOTAL INCOME ,- ,"10,000 "
INCOME ON 31-08-24 ,,
TOTAL INCOME ,- ,"14,000 "
INCOME ON 02-09-24 ,,
TOTAL INCOME ,- ,"10,000 "
INCOME ON 03-09-24 ,,
TOTAL INCOME ,- ,"8,000 "
INCOME ON 04-09-24 ,,
TOTAL INCOME ,- ,"14,000 "
INCOME ON 05-09-24 ,,
TOTAL INCOME ,- ,"11,500 "
INCOME ON 06-09-24 ,,
TOTAL INCOME ,- ,"18,000 "
INCOME ON 07-09-24 ,,
TOTAL INCOME ,- ,"13,000 "
INCOME ON 09-09-24 ,,
TOTAL INCOME ,- ,"7,000 "
INCOME ON 10-09-24 ,,
TOTAL INCOME ,- ,"12,000 "
INCOME ON 11-09-24 ,,
TOTAL INCOME ,- ,"16,500 "
INCOME ON 12-09-24 ,,
TOTAL INCOME ,- ,"11,000 "
INCOME ON 13-09-24 ,,
TOTAL INCOME ,- ,"14,000 "
INCOME ON 14-09-24 ,,
TOTAL INCOME ,- ,"9,500 "
INCOME ON 16-09-24 ,,
TOTAL INCOME ,- ,"12,000 "
INCOME ON 17-09-24 ,,
TOTAL INCOME ,- ,"13,500 "
INCOME ON 18-09-24 ,,
TOTAL INCOME ,- ,"19,000 "
INCOME ON 19-09-24 ,,
TOTAL INCOME ,- ,"11,000 "
INCOME ON 20-09-24 ,,
TOTAL INCOME ,- ,"13,000 "
INCOME ON 21-09-24 ,,
TOTAL INCOME ,- ,"17,000 "
INCOME ON 23-09-24 ,,
TOTAL INCOME ,- ,"14,000 "
INCOME ON 24-09-24 ,,
TOTAL INCOME ,- ,"11,000 "
INCOME ON 25-09-24 ,,
TOTAL INCOME ,- ,"16,500 "
INCOME ON 26-09-24 ,,
TOTAL INCOME ,- ,"13,000 "
INCOME ON 27-09-24 ,,
TOTAL INCOME ,- ,"8,000 "
INCOME ON 28-09-24 ,,
TOTAL INCOME ,- ,"7,000 "
INCOME ON 30-09-24 ,,
TOTAL INCOME ,- ,"13,000 "
INCOME ON 01-10-24 ,,
TOTAL INCOME ,- ,"11,000 "
INCOME ON 02-10-24 ,,
TOTAL INCOME ,- ,"14,500 "
INCOME ON 03-10-24 ,,
TOTAL INCOME ,- ,"10,000 "
INCOME ON 04-10-24 ,,
TOTAL INCOME ,- ,"6,000 "
INCOME ON 05-10-24 ,,
TOTAL INCOME ,- ,"11,000 "
INCOME ON 07-10-24 ,,
TOTAL INCOME ,- ,"8,000 "
INCOME ON 08-10-24 ,,
TOTAL INCOME ,- ,"12,000 "
INCOME ON 09-10-24 ,,
TOTAL INCOME ,- ,"14,000 "
INCOME ON 10-10-24 ,,
TOTAL INCOME ,- ,"7,500 "
INCOME ON 11-10-24 ,,
TOTAL INCOME ,- ,"13,000 "
INCOME ON 12-10-24 ,,
TOTAL INCOME ,- ,"6,000 "
INCOME ON 14-10-24 ,,
TOTAL INCOME ,- ,"12,000 "
INCOME ON 15-10-24 ,,
TOTAL INCOME ,- ,"17,000 "
INCOME ON 16-10-24 ,,
TOTAL INCOME ,- ,"16,500 "
INCOME ON 17-10-24 ,,
TOTAL INCOME ,- ,"10,000 "
INCOME ON 18-10-24 ,,
TOTAL INCOME ,- ,"9,000 "
INCOME ON 19-10-24 ,,
TOTAL INCOME ,- ,"11,000 "
INCOME ON 21-10-24 ,,
TOTAL INCOME ,- ,"8,000 "
INCOME ON 22-10-24 ,,
TOTAL INCOME ,- ,"13,000 "
INCOME ON 23-10-24 ,,
TOTAL INCOME ,- ,"15,500 "
INCOME ON 24-10-24 ,,
TOTAL INCOME ,- ,"14,500 "
INCOME ON 25-10-24 ,,
TOTAL INCOME ,- ,"18,000 "
INCOME ON 26-10-24 ,,
TOTAL INCOME ,- ,"10,500 "
INCOME ON 28-10-24 ,,
TOTAL INCOME ,- ,"9,000 "
INCOME ON 29-10-24 ,,
TOTAL INCOME ,- ,"13,000 "
INCOME ON 30-10-24 ,,
TOTAL INCOME ,- ,"24,000 "
INCOME ON 31-10-24 ,,
TOTAL INCOME ,- ,"14,500 "
INCOME ON 01-11-24 ,,
TOTAL INCOME ,- ,"16,000 "
INCOME ON 02-11-24 ,,
TOTAL INCOME ,- ,"8,000 "
INCOME ON 04-11-24 ,,
TOTAL INCOME ,- ,"11,000 "
INCOME ON 05-11-24 ,,
TOTAL INCOME ,- ,"14,500 "
INCOME ON 06-11-24 ,,
TOTAL INCOME ,- ,"18,000 "
INCOME ON 07-11-24 ,,
TOTAL INCOME ,- ,"11,000 "
INCOME ON 08-11-24 ,,
TOTAL INCOME ,- ,"10,000 "
INCOME ON 09-11-24 ,,
TOTAL INCOME ,- ,"6,000 "
INCOME ON 11-11-24 ,,
TOTAL INCOME ,- ,"13,000 "
INCOME ON 12-11-24 ,,
TOTAL INCOME ,- ,"17,000 "
INCOME ON 13-11-24 ,,
TOTAL INCOME ,- ,"15,000 "
INCOME ON 14-11-24 ,,
TOTAL INCOME ,- ,"10,000 "
INCOME ON 15-11-24 ,,
TOTAL INCOME ,- ,"9,500 "
INCOME ON 16-11-24 ,,
TOTAL INCOME ,- ,"11,000 "
INCOME ON 18-11-24 ,,
TOTAL INCOME ,- ,"10,000 "
INCOME ON 19-11-24 ,,
TOTAL INCOME ,- ,"14,000 "
IN COME ON 20-11-24 ,,
TOTAL INCOME ,- ,"15,000 "
INCOME ON 21-11-24 ,,
TOTAL INCOME ,- ,"7,000 "
INCOME ON 22-11-24 ,,
TOTAL INCOME ,- ,"9,000 "
INCOME ON 23-11-24 ,,
TOTAL INCOME ,- ,"11,000 "
INCOME ON 25-11-24 ,,
TOTAL INCOME ,- ,"10,000 "
INCOME ON 26-11-24 ,,
TOTAL INCOME ,- ,"13,000 "
INCOME ON 27-11-24 ,,
TOTAL INCOME ,- ,"8,000 "
INCOME ON 28-11-24 ,,
TOTAL INCOME ,- ,"14,000 "
INCOME ON 29-11-24 ,,
TOTAL INCOME ,- ,"11,000 "
INCOME ON 30-11-24 ,,
TOTAL INCOME ,- ,"19,000 "
INCOME ON 02-12-24 ,,
TOTAL INCOME ,- ,"6,000 "
INCOME ON 03-12-24 ,,
TOTAL INCOME ,- ,"10,000 "
INCOME ON 04-12-24 ,,
TOTAL INCOME ,- ,"17,000 "
INCOME ON 05-12-24 ,,
TOTAL INCOME ,- ,"12,000 "
INCOME ON 06-12-24 ,,
TOTAL INCOME ,- ,"7,000 "
INCOME ON 07-12-24 ,,
TOTAL INCOME ,- ,"9,000 "
INCOME ON 09-12-24 ,,
TOTAL INCOME ,- ,"11,000 "
INCOME ON 10-12-24 ,,
TOTAL INCOME ,- ,"14,000 "
INCOME ON 11-12-24 ,,
TOTAL INCOME ,- ,"16,500 "
INCOME ON 12-12-24 ,,
TOTAL INCOME ,- ,"11,500 "
INCOME ON 13-12-24 ,,
TOTAL INCOME ,- ,"8,000 "
INCOME ON 14-12-24 ,,
TOTAL INCOME ,- ,"13,500 "
INCOME ON 16-12-24 ,,
TOTAL INCOME ,- ,"17,000 "
INCOME ON 17-12-24 ,,
TOTAL INCOME ,- ,"14,500 "
INCOME ON 18-12-24 ,,
TOTAL INCOME ,- ,"20,000 "
INCOME ON 19-12-24 ,,
TOTAL INCOME ,- ,"13,000 "
INCOME ON 20-12-24 ,,
TOTAL INCOME ,- ,"10,000 "
INCOME ON 21-12-24 ,,
TOTAL INCOME ,- ,"14,000 "
INCOME ON 23-12-24 ,,
TOTAL INCOME ,- ,"17,000 "
INCOME ON 24-12-24 ,,
TOTAL INCOME ,- ,"22,000 "
INCOME ON 25-12-24 ,,
TOTAL INCOME ,- ,NIL 
INCOME ON 26-12-24 ,,
TOTAL INCOME ,- ,"14,500 "
INCOME ON 27-12-24 ,,
TOTAL INCOME ,- ,"8,000 "
INCOME ON 28-12-24 ,,
TOTAL INCOME ,- ,"9,500 "
INCOME ON 30-12-24 ,,
TOTAL INCOME ,- ,"8,000 "
INCOME ON 31-12-24 ,,
TOTAL INCOME ,- ,"15,000 "
INCOME ON 3-01-25 ,,
TOTAL INCOME ,- ,"N4,000 "
INCOME ON 4-01-25 ,,
TOTAL INCOME ,- ,"N6,000 "
INCOME ON 6-01-25 ,,
TOTAL INCOME ,- ,"N7,000 "
INCOME ON 7-01-25 ,,
TOTAL INCOME ,- ,"N6,000 "
INCOME ON 8-01-25 ,,
TOTAL INCOME ,- ,"N7,000 "
INCOME ON 9-01-25 ,,
TOTAL INCOME ,- ,"N11,000 "
INCOME ON 10-01-25 ,,
TOTAL INCOME ,- ,"24,000 "
INCOME ON 11-01-25 ,,
TOTAL INCOME ,- ,"16,000 "
INCOME ON 13-01-25 ,,
TOTAL INCOME ,- ,"18, 000 "
INCOME ON 14-01-25 ,,
TOTAL INCOME ,- ,"18, 000 "
INCOME ON 15-01-25 ,,
TOTAL INCOME ,- ,"23, 000 "
INCOME ON 16-01-25 ,,
TOTAL INCOME ,- ,"8, 000 "
INCOME ON 17-01-25 ,,
TOAL INCOME ,- ,"16, 000 "
INCOME ON 18-01-25 ,,
TOTAL INCOME ,- ,"24, 000 "
INCOME ON 21-01-25 ,,
TOTAL INCOME ,- ,"33, 000 "
INCOME ON 22-01-25 ,,
TOTAL INCOME ,- ,"10, 000 "
INCOME ON 23-01-25 ,,
TOTAL INCOME ,- ,"18, 000 "
INCOME ON 24-01-25 ,,
TOTAL INCOME ,- ,"29, 000 "
INCOME ON 25-01-25 ,,
TOTAL INCOME ,- ,"14, 000 "
INCOME ON 27-01-25 ,,
TOTAL INCOME ,- ,"25, 000 "
INCOME ON 28-01-25 ,,
TOTAL INCOME ,- ,"18, 000 "
INCOME ON 29-01-25 ,,
TOTAL INCOME ,- ,"16, 000 "
INCOME ON 30-01-25 ,,
TOTAL INCOME ,- ,"36, 000 "
INCOME ON 31-01-25 ,,
TOTAL INCOME ,- ,"23, 000 "
INCOME ON 01-02-25 ,,
TOTAL INCOME ,- ,"11, 000 "
INCOME ON 03-02-25 ,,
TOTAL INCOME ,- ,"22, 000 "
INCOME ON 04-02-25 ,,
TOTAL INCOME ,- ,"20, 000 "
INCOME ON 05-02-25 ,,
TOTAL INCOME ,- ,"36, 000 "
INCOME ON 06-02-25 ,,
TOTAL INCOME ,- ,"22,000 "
INCOME ON 07-02-25 ,,
TOTAL INCOME ,- ,"34,000 "
INCOME ON 08-02-25 ,,
TOTAL INCOME ,- ,"10,000 "
INCOME ON 10-02-25 ,,
TOTAL INCOME ,- ,"35,000 "
INCOME ON 11-02-25 ,,
TOTAL INCOME ,- ,"12,000 "
INCOME ON 12-02-25 ,,
TOTAL INCOME ,- ,"21,000 "
INCOME ON 13-02-25 ,,
TOTAL INCOME ,- ,"14,000 "
INCOME ON 14-02-25 ,,
TOTAL INCOME ,- ,"16,000 "
INCOME ON 15-02-25 ,,
TOTAL INCOME ,- ,"17,000 "
INCOME ON 17-02-25 ,,
TOTAL INCOME ,- ,"21,000 "
INCOME ON 18-02-25 ,,
TOTAL INCOME ,- ,"17,000 "
INCOME ON 19-02-25 ,,
TOTAL INCOME ,- ,"20,000 "
INCOME ON 20-02-25 ,,
TOTAL INCOME ,- ,"11,000 "
INCOME ON 21-02-25 ,,
TOTAL INCOME ,- ,"17,000 "
INCOME ON 22-02-25 ,,
TOTAL INCOME ,- ,"19,000 "
INCOME ON 24-02-25 ,,
TOTAL INCOME ,- ,"26,000 "
INCOME ON 25-02-25 ,,
TOTAL INCOME ,- ,"26,000 "
INCOME ON 26-02-25 ,,
TOTAL INCOME ,- ,"7,000 "
INCOME ON 27-02-25 ,,
TOTAL INCOME ,- ,"19,000 "
INCOME ON 28-02-25 ,,
TOTAL INCOME ,- ,"11,000 "
TOTAL INCOME ,- ,"29,000 "
INCOME ON 03-03-25 ,,
TOTAL INCOME ,- ,"25,000 "
INCOME ON 04-03-25 ,,
TOTAL INCOME ,- ,"31,000 "
INCOME ON 05-03-25 ,,
TOTAL INCOME ,- ,"23,000 "
INCOME ON 06-03-25 ,,
TOTAL INCOME ,- ,"17,000 "
INCOME ON 07-03-25 ,,
TOTAL INCOME ,- ,"25,000 "
INCOME ON 08-03-25 ,,
TOTAL INCOME ,- ,"19,000 "
INCOME ON 10-03-25 ,,
TOTAL INCOME ,- ,"15,000 "
INCOME ON 11-03-25 ,,
TOTAL INCOME ,- ,"38,000 "
INCOME ON 12-03-25 ,,
TOTAL INCOME ,- ,"14,000 "
INCOME ON 13-O3-25 ,,
TOTAL INCOME ,- ,"13,000 "
INCOME ON 14-03-25 ,,
TOTAL INCOME ,- ,"14,000 "
INCOME ON 15-03-25 ,,
TOTAL INCOME ,- ,"19,000 "
INCOME ON 17-03-25 ,,
TOTAL INCOME ,- ,"17,000 "
INCOME ON 18-03-25 ,,
TOTAL INCOME ,- ,"23,000 "
INCOME ON 19-03-25 ,,
TOTAL INCOME ,- ,"16,000 "
INCOME ON 20-03-25 ,,
TOTAL INCOME ,- ,"13,000 "
INCOME ON 21-03-25 ,,
TOTAL INCOME ,- ,"10,000 "
INCOME ON 22-03-25 ,,
TOTAL INCOME ,- ,"23,000 "
INCOME ON 23-03-25 ,,
TOTAL INCOME ,- ,"19,000 "
INCOME ON 24-03-25 ,,
TOTAL INCOME ,- ,"16,000 "
INCOME ON 26-03-25 ,,
TOTAL INCOME ,- ,"19,000 "
INCOME ON 27-03-25 ,,
TOTAL INCOME ,- ,"29,000 "
INCOME ON 28-03-25 ,,
TOTAL INCOME ,- ,"27,000 "
INCOME ON 29-03-25 ,,
TOTAL INCOME ,- ,"14,000 "
INCOME ON 31-3-25 ,,
TOTAL INCOME ,- ,"21,000 "
INCOME ON 01-04-25 ,,
TOTAL INCOME ,- ,"37,000 "
INCOME ON 02-04-25 ,,
TOTAL INCOME ,- ,"7,000 "
INCOME ON 03-04-25 ,,
TOTAL INCOME ,- ,"7,000 "
INCOME ON 04-04-25 ,,
TOTAL INCOME ,- ,"8,000 "
INCOME ON 05-04-25 ,,
TOTAL INCOME ,- ,"20,000 "
INCOME ON 07-04-25 ,,
TOTAL INCOME ,- ,"18,000 "
INCOME ON 08-04-25 ,,
TOTAL INCOME ,- ,"18,000 "
INCOME ON 09-04-25 ,,
TOTAL INCOME ,- ,"23,000 "
INCOME ON 10-04-25 ,,
TOTAL INCOME ,- ,"9,000 "
INCOME ON 11-04-25 ,,
TOTAL INCOME ,- ,"17,000 "
INCOME ON 12-04-25 ,,
TOTAL INCOME ,- ,"28,000 "
INCOME ON 14-04-25 ,,
TOTAL INCOME ,- ,"24,000 "
INCOME ON 15-04-25 ,,
TOTAL INCOME ,- ,"22,000 "
INCOME ON 16-04-25 ,,
TOTAL INCOME ,- ,"5,000 "
INCOME ON 17-04-25 ,,
TOTAL INCOME ,- ,"17,000 "
INCOME ON 18-04-25 ,,
TOTAL INCOME ,- ,"4,000 "
INCOME ON 19-04-25 ,,
TOTAL INCOME ,- ,"23,000 "
INCOME ON 21-04-25 ,,
TOTAL INCOME ,- ,"19,000 "
INCOME ON 22-04-25 ,,
TOTAL INCOME ,- ,"9,000 "
INCOME ON 23-04-25 ,,
TOTAL INCOME ,- ,"6,000 "
INCOME ON 24-04-25 ,,
TOTAL INCOME ,- ,"5,000 "
INCOME ON 25-04-25 ,,
TOTAL INCOME ,- ,"7,000 "
INCOME ON 26-04-25 ,,
TOTAL INCOME ,- ,"8,000 "
INCOME ON 28-04-25 ,,
TOTAL INCOME ,- ,"9,000 "
INCOME ON 29-04-25 ,,
TOTAL INCOME ,- ,"7,000 "
INCOME ON 30-04-25 ,,
TOTAL INCOME ,- ,"10,000 "
INCOME ON 01-05-25 ,,
TOTAL INCOME ,- ,"24,000 "
INCOME ON 02-05-25 ,,
TOTAL INCOME ,- ,"23,000 "
INCOME ON 03-05-25 ,,
TOTAL INCOME ,- ,"11,000 "
INCOME ON 05-05-25 ,,
TOTAL INCOME ,- ,"13,000 "
INCOME ON 06-05-25 ,,
TOTAL INCOME ,- ,"7,000 "
INCOME ON 07-05-25 ,,
TOTAL INCOME ,- ,"9,000 "
INCOME ON 08-05-25 ,,
TOTAL INCOME ,- ,"34,000 "
INCOME ON 09-05-25 ,,
TOTAL INCOME ,- ,"36,000 "
INCOME ON 10-05-25 ,,
TOTAL INCOME ,- ,"8,000 "
INCOME ON 12-05-25 ,,
TOTAL INCOME ,- ,"22,000 "
INCOME ON 13-05-25 ,,
TOTAL INCOME ,- ,"27,000 "
INCOME ON 14-05-25 ,,
TOTAL INCOME ,- ,"11,000 "
INCOME ON 15-05-25 ,,
TOTAL INCOME ,- ,"27,000 "
INCOME ON 16-05-25 ,,
TOTAL INCOME ,- ,"17,000 "
INCOME ON 17-05-25 ,,
TOTAL INCOME ,- ,"27,000 "
INCOME ON 19-05-25 ,,
TOTAL INCOME ,- ,"21,000 "
INCOME ON 20-05-25 ,,
TOTAL INCOME ,- ,"9,000 "
INCOME ON 22-05-25 ,,
TOTAL INCOME ,- ,"19,000 "
INCOME ON 23-05-25 ,,
TOTAL INCOME ,- ,"15,000 "
INCOME ON 24-05-25 ,,
TOTAL INCOME ,- ,"21,000 "
INCOME ON 26-05-25 ,,
TOTAL INCOME ,- ,"22,000 "
INCOME ON 27-05-25 ,,
TOTAL INCOME ,- ,
INCOME ON 28-05-25 ,,
TOTAL INCOME ,- ,"21,000 "
INCOME ON 29-05-25 ,,
TOTAL INCOME ,- ,"11,000 "
INCOME ON 30-05-25 ,,
TOTAL INCOME ,- ,"18,000 "
INCOME ON 31-05-25 ,,
TOTAL INCOME ,- ,"36,000 "
INCOME ON 02-06-25 ,,
TOTAL INCOME ,- ,"14,000 "
INCOME ON 03-06-25 ,,
TOTAL INCOME ,- ,"14,000 "
INCOME ON 04-06-25 ,,
TOTAL INCOME ,- ,
INCOME ON 05-06-25 ,,
TOTAL INCOME ,- ,"11,000 "
INCOME ON 06-06-25 ,,
TOTAL INCOME ,- ,"31,000 "
INCOME ON 07-06-25 ,,
TOTAL INCOME ,- ,"18,000 "
INCOME ON 09-06-25 ,,
TOTAL INCOME ,- ,"26,000 "
INCOME ON 10-06-25 ,,
TOTAL INCOME ,- ,"17,000 "
INCOME ON 11-06-25 ,,
TOTAL INCOME ,- ,"15,000 "
INCOME ON 12-06-25 ,,
TOTAL INCOME ,- ,"14,000 "
INCOME ON 13-06-25 ,,
TOTAL INCOME ,- ,"9,000 "
INCOME ON 14-06-25 ,,
TOTAL INCOME ,- ,"12,000 "
INCOME ON 16-06-25 ,,
TOTAL INCOME ,- ,"16,000 "
INCOME ON 17-06-25 ,,
TOTAL INCOME ,- ,"7,000 "
INCOME ON 18-06-25 ,,
TOTAL INCOME ,- ,"21,000 "
INCOME ON 19-06-25 ,,
TOTAL INCOME ,- ,"16,000 "
INCOME ON 20-06-25 ,,
TOTAL INCOME ,- ,"33,000 "
INCOME ON 21-06-25 ,,
TOTAL INCOME ,- ,"15,000 "
INCOME ON 23-06-25 ,,
TOTAL INCOME ,- ,"14,000 "
INCOME ON 24-06-25 ,,
TOTAL INCOME ,- ,"40,000 "
INCOME ON 25-06-25 ,,
TOTAL INCOME ,- ,"23,000 "
INCOME ON 26-06-25 ,,
TOTAL INCOME ,- ,"15,000 "
INCOME ON 27-06-25 ,,
TOTAL INCOME ,- ,"16,000 "
INCOME ON 28-06-25 ,,
TOTAL INCOME ,- ,"13,000 "
INCOME ON 30-06-25 ,,
TOTAL INCOME ,- ,"14,000 "
INCOME ON 01-07-25 ,,
TOTAL INCOME ,- ,"13,000 "
INCOME ON 02-07-25 ,,
TOTAL INCOME ,- ,"31,000 "
INCOME ON 03-07-25 ,,
TOTAL INCOME ,- ,"32,000 "
INCOME ON 04-07-25 ,,
TOTAL INCOME ,- ,"14,000 "
INCOME ON 05-07-25 ,,
TOTAL INCOME ,- ,"15,000 "
INCOME ON 07-07-25 ,,
TOTAL INCOME ,- ,"11,000 "
INCOME ON 08-07-25 ,,
TOTAL INCOME ,- ,"33,000 "
INCOME ON 09-07-25 ,,
TOTAL INCOME ,- ,"31,000 "
INCOME ON 10-07-25 ,,
TOTAL INCOME ,- ,"12,000 "
INCOME ON 11-07-25 ,,
TOTAL INCOME ,- ,"11,000 "
INCOME ON 14-07-25 ,,
TOTAL INCOME ,- ,"12, 000 "
INCOME ON 15-07-25 ,,
TOTAL INCOME ,- ,"11, 000 "
INCOME ON 16-07-25 ,,
TOTAL INCOME ,- ,"43, 000 "
INCOME ON 17-07-25 ,,
TOTAL INCOME ,- ,"12, 000 "
INCOME ON 18-07-25 ,,
TOTAL INCOME ,- ,"15, 000 "
INCOME ON 19-07-25 ,,
TOTAL INCOME ,- ,"17, 000 "
INCOME ON 21-07-25 ,,
TOTAL INCOME ,- ,"49, 000 "
INCOME ON 22-07-25 ,,
TOTAL INCOME ,- ,"8, 000 "
INCOME ON 23-07-25 ,,
TOTAL INCOME ,- ,"19, 000 "
INCOME ON 24-07-25 ,,
TOTAL INCOME ,- ,"9, 000 "
INCOME ON 25-07-25 ,,
TOTAL INCOME ,- ,"28, 000 "
INCOME ON 26-07-25 ,,
TOTAL INCOME ,- ,"32, 000 "
INCOME ON 28-07-25 ,,
TOTAL INCOME ,- ,"12, 000 "
INCOME ON 29-07-25 ,,
TOTAL INCOME ,- ,"16, 000 "
INCOME ON 30-07-25 ,,
TOTAL INCOME ,- ,"13, 000 "
INCOME ON 31-07-25 ,,
TOTAL INCOME ,- ,"5, 000 "
INCOME ON 01-08-25 ,,
TOTAL INCOME ,- ,"13, 000 "
INCOME ON 02-08-25 ,,
TOTAL INCOME ,- ,"9, 000 "
INCOME ON 05-08-25 ,,
TOTAL NCOME ,- ,"9, 000 "
INCOME ON 06-08-25 ,,
TOTAL INCOME ,- ,"22, 000 "
INCOME ON 07-08-25 ,,
TOTAL INCOME ,- ,"15, 000 "
INCOME ON 08-08-25 ,,
TOTAL INCOME ,- ,"15, 000 "
INCOME ON O9-08-25 ,,
TOTAL INCOME ,- ,"18, 000 "
INCOME ON 11-08-25 ,,
TOTAL INCOME ,- ,"16, 000 "
INCOME ON 12-08-25 ,,
TOTAL INCOME ,- ,"13, 000 "
INCOME ON 13-08-25 ,,
TOTAL INCOME ,- ,"18, 000 "
INCOME ON 14-08-25 ,,
TOTAL INCOME ,- ,"7, 000 "
INCOME ON 15-08-25 ,,
TOTAL INCOME ,- ,"12, 000 "
INCOME ON 16-08-25 ,,
TOTAL INCOME ,- ,"18, 000 "
INCOME ON 18-08-25 ,,
TOTAL INCOME ,- ,"9, 000 "
INCOME ON 19-08-25 ,,
TOTAL INCOME ,- ,"13, 000 "
INCOME ON 20-08-25 ,,
TOTAL INCOME ,- ,"36, 000 "
INCOME ON 21-08-25 ,,
TOTAL INCOME ,- ,"15, 000 "
INCOME ON 22-08-25 ,,
TOTAL INCOME ,- ,"18, 000 "
INCOME ON 23-08-25 ,,
TOTAL INCOME ,- ,"7, 000 "
INCOME ON 25-08-25 ,,
TOTAL INCOME ,- ,"13, 000 "
INCOME ON 26-08-25 ,,
TOTAL INCOME ,- ,"7, 000 "
INCOME ON 27-08-25 ,,
TOTAL INCOME ,- ,"11, 000 "
INCOME ON 28-08-25 ,,
TOTAL INCOME ,- ,"36, 000 "
INCOME ON 29-08-25 ,,
TOTAL INCOME ,- ,"34, 000 "
INCOME ON 30-08-25 ,,
TOTAL INCOME ,- ,"20, 000 "
INCOME ON 01-09-25 ,,
TOTAL INCOME ,- ,"18,000 "
INCOME ON 02-09-25 ,,
TOTAL INCOME ,- ,"21,000 "
INCOME ON 03-09-025 ,,
TOTAL INCOME ,- ,"21,000 "
INCOME ON 04-09-25 ,,
TOTAL INCOME ,- ,"15,000 "
INCOME ON 05-09-25 ,,
TOTAL INCOME ,- ,"17,000 "
INCOME ON 06-09-25 ,,
TOTAL INCOME ,- ,"12,000 "
INCOME ON 08-09-25 ,,
TOTAL INCOME ,- ,"9,000 "
INCOME ON 09-09-25 ,,
TOTAL INCOME ,- ,"84,000 "
INCOME ON 10-09-25 ,,
TOTAL INCOME ,- ,"26,000 "
INCOME ON 11-09-25 ,,
TOTAL INCOME ,- ,"23,000 "
INCOME ON 12-09-25 ,,
TOTAL INCOME ,- ,"21,000 "
INCOME ON 13-09-25 ,,
TOTAL INCOME ,- ,"24,000 "
INCOME ON 15-9-25 ,,
TOTAL INCOME ,- ,"30,000 "
INCOME ON 16-09-25 ,,
TOTAL INCOME ,- ,"49,000 "
INCOME ON 16-09-25 ,,
TOTAL INCOME ,- ,"13,000 "
INCOME ON 18-09-25 ,,
TOTAL INCOME ,- ,"14,000 "
INCOME ON 19-09-25 ,,
TOTAL INCOME ,- ,"29,000 "
INCOME ON 20-09-25 ,,
TOTAL INCOME ,- ,"12,000 "
INCOME ON 22-09-25 ,,
TOTAL INCOME ,- ,"21,000 "
INCOME ON 23-09-25 ,,
TOTAL INCOME ,- ,"10,000 "
INCOME ON 24-09-25 ,,
TOTAL INCOME ,- ,"15,000 "
INCOME ON 25-09-25 ,,
TOTAL INCOME ,- ,"13,000 "
INCOME ON 26-09-25 ,,
TOTAL INCOME ,- ,"12,000 "
INCOME ON 27-0-25 ,,
TOTAL INCOME ,- ,"23,000 "
INCOME ON 29-09-25 ,,
TOTAL INCOME ,- ,"18,000 "
INCOME ON 30-09-25 ,,
TOTAL INCOME ,- ,"13,000 "
INCOME ON 01-10-25 ,,,
TOTAL INCOME ,,- ,"14,000 "
INCOME ON 02-10-25 ,,,
TOTAL INCOME ,,- ,"7,000 "
INCOME ON 03-10-25 ,,,
TOTAL INCOME ,,- ,"8,000 "
INCOME ON 04-10-25 ,,,
TOTAL INCOME ,,- ,"15,000 "
INCOME ON 06-10-25 ,,,
TOTAL INCOME ,,- ,"18,000 "
INCOME ON 07-10-25 ,,,
TOTAL INCOME ,,- ,"13,000 "
INCOME ON 08-10-25 ,,,
TOTAL INCOME ,,- ,"67,000 "
INCOME ON 09-10-25 ,,,
TOTAL INCOME ,,- ,"24,000 "
INCOME ON 10-10-25 ,,,
TOTAL INCOME ,,- ,"16,000 "
INCOME ON 11-10-25 ,,,
TOTAL INCOME ,,- ,"26,000 "
INCOME ON 13-10-25 ,,,
TOTAL,INCOME ,- ,"14,000 "
INCOME ON 14-10-25 ,,,
TOTAL INCOME ,,- ,"10,000 "
INCOME ON 15-10-25 ,,
TOTAL INCOME ,- ,"11,000 "
INCOME ON 16-10-25 ,,
TOTAL INCOME ,- ,"15,000 "
INCOME ON 17-10-25 ,,
TOTAL INCOME ,- ,"12,000 "
INCOME ON 18-10-25 ,,
TOTAL INCOME ,- ,"20,000 "
INCOME ON 20-10-25 ,,
TOTAL INCOME ,- ,"10,000 "
INCOME ON,21-10-25 ,
TOTAL INCOME ,- ,"20,000 "
INCOME ON,22-10-25 ,
TOTAL INCOME ,- ,"11,000 "
INCOME ON,23-10-25 ,
TOTAL INCOME ,- ,"20,000 "
INCOME ON,24-10-25 ,
TOTAL INCOME ,- ,"9,000 "
INCOME ON,25-10-25 ,
TOTAL INCOME ,- ,"22,000 "
INCOME ON,27-10-25 ,
TOTAL INCOME ,- ,"43,000 "
INCOME ON,28-10-25 ,
TOTAL INCOME ,- ,"31,000 "
INCOME ON,29-10-25 ,
TOTAL INCOME ,- ,"16,000 "
INCOME ON,10-10-25 ,
TOTAL INCOME ,- ,"9,000 "
INCOME ON,31-10-25 ,
TOTAL INCOME ,- ,"11,000 "
INCOME ON,01-11-25 ,
TOTAL INCOME ,- ,"32,000 "
INCOME ON,03-11-25 ,
TOTAL INCOME ,- ,"10,000 "
INCOME ON,04-11-25 ,
TOTAL INCOME ,- ,"32,000 "
INCOME ON,05-11-25 ,
TOTAL INCOME ,- ,"46,000 "
INCOME ON,06-11-25 ,
TOTAL INCOME ,- ,"22,000 "
INCOME ON,07-11-25 ,
TOTAL INCOME ,- ,"17,000 "
INCOME ON,08-11-25 ,
TOTAL INCOME ,- ,"12,000 "
INCOME ON,10-11-25 ,
TOTAL INCOME ,- ,"25,000 "
INCOME ON 11-11-25 ,,
TOTAL INCOME ,- ,"27,000 "
INCOME ON,12-11-25 ,
TOTAL INCOME ,- ,"32,000 "
INCOME ON,13-11-25 ,
TOTAL INCOME ,- ,"49,000 "
INCOME ON,14-11-25 ,
TOTAL INCOME ,- ,"22,000 "
INCOME ON,15-11-25 ,
TOTAL INCOME ,- ,"45,000 "
INCOME ON,17-11-25 ,
TOTAL INCOME ,- ,"54,000 "
INCOME ON,18-11-25 ,
TOTAL INCOME ,- ,"17,000 "
INCOME ON,19-11-25 ,
TOTAL INCOME ,- ,"42,000 "
INCOME ON,20-11-25 ,
TOTAL INCOME ,- ,"44,000 "
INCOME ON,21-11-25 ,
TOTAL INCOME ,- ,"16,000 "
INCOME ON 22-11-25 ,,
TOTAL INCOME ,- ,"44,000 "
INCOME ON,24-11-25 ,
TOTAL INCOME ,- ,"11,000 "
INCOME ON,25-11-25 ,
TOTAL INCOME ,- ,"17,000 "
INCOME ON,26-11-25 ,
TOTAL INCOME ,- ,"15,000 "
INCOME ON,27-11-25 ,
TOTAL INCOME ,- ,"16,000 "
INCOME ON,28-11-25 ,
TOTAL INCOME ,- ,"20,000 "
INCOME ON,29-11-25 ,
TOTAL INCOME ,- ,"11,000 "
INCOME ON,01-12-25 ,
TOTAL INCOME ,- ,"10,000 "
INCOME ON,02-12-25 ,
TOTAL INCOME ,- ,"14,000 "
INCOME ON,03-12-25 ,
TOTAL INCOME ,- ,"32,000 "
INCOME ON,04-12-25 ,
TOTAL INCOME ,- ,"27,000 "
INCOME ON,05-12-25 ,
TOTAL INCOME ,- ,"18,000 "
INCOME ON,06-12-25 ,
TOTAL INCOME ,- ,"19,000 "
INCOME ON,08-12-25 ,
TOTAL INCOME ,- ,"19,000 "
INCOME ON,09-12-25 ,
TOTAL INCOME ,- ,"28,000 "
INCOME ON,10-12-25 ,
TOTAL INCOME ,- ,"18,000 "
INCOME ON,11-12-25 ,
TOTAL INCOME ,- ,"39,000 "
INCOME ON,12-12-25 ,
TOTAL INCOME ,- ,"17,000 "
INCOME ON,13-12-25 ,
TOTAL INCOME ,- ,"21,000 "
INCOME ON,15-12-25 ,
TOTAL INCOME ,- ,"17,000 "
INCOME ON,16-12-25 ,
TOTAL INCOME ,- ,"19,000 "
INCOME ON 17-12-25 ,,
TOTAL INCOME ,- ,"41,000 "
INCOME ON,18-12-25 ,
TOTAL INCOME ,- ,"26,000 "
INCOME ON,19-12-25 ,
TOTAL INCOME ,- ,"17,000 "
INCOME ON,20-12-25 ,
TOTAL INCOME ,- ,"31,000 "
INCOME ON,22-12-25 ,
TOTAL INCOME ,- ,"16,000 "
INCOME ON,23-12-25 ,
TOTAL INCOME ,- ,"21,000 "
INCOME ON,24-12-25 ,
TOTAL INCOME ,- ,"39,000 "
INCOME ON,25-12-25 ,
TOTAL INCOME ,- ,"6,000 "
INCOME ON,26-12-25 ,
TOTAL INCOME ,- ,"10,000 "
INCOME ON,27-12-25 ,
TOTAL INCOME ,- ,"16,000 "
INCOME ON,28-12-25 ,
TOTAL INCOME ,- ,"10,000 "
INCOME ON,29-12-25 ,
TOTAL INCOME ,- ,"21,000 "
INCOME ON,30-12-25 ,
TOTAL INCOME ,- ,"15,000 "
INCOME ON,31-12-25 ,
TOTAL INCOME ,- ,"11,000 "
INCOME ON,05-01-26 ,
TOTAL INCOME ,- ,"2,000 "
INCOME ON,06-01-26 ,
TOTAL INCOME ,- ,"9,000 "
INCOME ON,07-01-26 ,
TOTAL INCOME ,- ,"13,000 "
INCOME ON,08-01-26 ,
TOTAL INCOME ,- ,"12,000 "
INCOME ON,09-01-26 ,
TOTAL INCOME ,- ,"6,000 "
INCOME ON 10-01-26 ,,
TOTAL INCOME ,- ,"7,000 "
INCOME ON,12-01-26 ,
TOTAL INCOME ,- ,"12,000 "
INCOME ON,13-01-26 ,
TOTAL INCOME ,- ,"12,000 "
INCOME ON,14-01-26 ,
TOTAL INCOME ,- ,"11,000 "
INCOME ON,15-01-26 ,
TOTAL INCOME ,- ,"12,000 "
INCOME ON,16-01-26 ,
TOTAL INCOME ,- ,"15,000 "
INCOME ON,17-01-26 ,
TOTAL INCOME ,- ,"19,000 "
INCOME ON,19-01-26 ,
TOTAL INCOME ,- ,"31,000 "
INCOME ON,20-01-26 ,
TOTAL INCOME ,- ,"23,000 "
INCOME ON,21-01-26 ,
TOTAL INCOME ,- ,"33,000 "
INCOME ON,22-01-26 ,
TOTAL INCOME ,- ,"35,000 "
INCOME ON,23-01-26 ,
TOTAL INCOME ,- ,"28,000 "
INCOME ON,24-01-26 ,
TOTAL INCOME ,- ,"9,000 "
INCOME ON,26-01-26 ,
TOTAL INCOME ,- ,"13,000 "
INCOME ON,27-01-26 ,
TOTAL INCOME ,- ,"27,000 "
INCOME ON,28-01-26 ,
TOTAL INCOME ,- ,"7,000 "
INCOME ON,29-01-26 ,
TOTAL INCOME ,- ,"16,000 "
INCOME ON,30-01-26 ,
TOTAL INCOME ,- ,"19,000 "
INCOME ON,31-01-26 ,
TOTAL INCOME ,- ,"17,000 "
INCOME ON,02-02-26 ,
TOTAL INCOME ,- ,"56,000 "
INCOME ON,03-02-26 ,
TOTAL INCOME ,- ,"27,000 "
INCOME ON,04-02-26 ,
TOTAL INCOME ,- ,"22,000 "
INCOME ON,05-02-26 ,
TOTAL INCOME ,- ,"21,000 "
INCOME ON,06-02-26 ,
TOTAL INCOME ,- ,"17,000 "
INCOME ON,07-02-26 ,
TOTAL INCOME ,- ,"28,000 "
INCOME ON 09-02-26 ,,
TOTAL INCOME ,- ,"25, 000 "
INCOME ON 10-02-26 ,,
TOTAL INCOME ,- ,"13, 000 "
INCOME ON 11-02-26 ,,
TOTAL INCOME ,- ,"18, 000 "
INCOME ON 12-02-26 ,,
TOTAL INCOME ,- ,"31, 000 "
INCOME ON 13-02-26 ,,
TOTAL INCOME ,- ,"25, 000 "
INCOME ON 14-02-26 ,,
TOTAL INCOME ,- ,"37, 000 "
INCOME ON 16-02-26 ,,
TOTAL INCOME ,- ,"25, 000 "
INCOME ON 17-02-26 ,,
TOTAL INCOME ,- ,"9, 000 "
INCOME ON,18-02-26 ,
TOTAL INCOME ,- ,"19, 000 "
INCOME ON 19-02-26 ,,
TOTAL INCOME ,- ,"22, 000 "
INCOME ON 20-02-26 ,,
TOTAL INCOME ,- ,"28, 000 "
INCOME ON 21-02-26 ,,
TOTAL INCOME ,- ,"17, 000 "
INCOME ON 22-02-26 ,,
TOTAL INCOME ,- ,"17, 000 "
INCOME ON 23-02-26 ,,
TOTL INCOME ,- ,"9, 000 "
INCOME ON 24-02-26 ,,
TOTAL INCOME ,- ,"15, 000 "
INCOME ON 25-02-26 ,,
TOTAL INCOME ,- ,"50, 000 "
INCOME ON 26-02-26 ,,
TOTAL INCOME ,- ,"26, 000 "
INCOME ON 27-02-26 ,,
TOTAL INCOME ,- ,"28, 000 "
INCOME ON 28-02-26 ,,
TOTAL INCOME ,- ,"18, 000 "
INCOME ON 02-03-26 ,,
TOTAL INCOME ,- ,"15, 000 "
INCOME ON 03-03-26 ,,
TOTAL INCOME ,- ,"16, 000 "
INCOME ON 04-03-26 ,,
TOTAL INCOME ,- ,"22, 000 "
INCOME ON 05-03-26 ,,
TOTAL INCOME ,- ,"15, 000 "
INCOME ON 06-03-26 ,,
TOTAL INCOME ,- ,"33, 000 "
INCOME ON 07-03-26 ,,
TOTAL INCOME ,- ,"22, 000 "
INCOME 0N 10-03-26 ,,
TOTAL INCOME ,- ,"13, 000 "
INCOME ON 11-03-26 ,,
TOTAL INCOME ,- ,"38, 000 "
INCOME ON 12-03-26 ,,
TOTAL INCOME ,- ,"10, 000 "
INCOME ON 13-03-26 ,,
TOTAL INCOME ,- ,"17, 000 "
INCOME ON 14-03-26 ,,
TOTAL INCOME ,- ,"31, 000 "
INCOME ON 16-03-26 ,,
TOTAL INCOME ,- ,"19, 000 "
INCOME ON 17-03-26 ,,
TOTAL INCOME ,- ,"40, 000 "
INCOME ON 18-03-26 ,,
TOTAL INCOME ,- ,"29, 000 "
ICOME ON 19-03-26 ,,
TOTA INCOME ,- ,"11, 000 "
INCOME ON 20-03-26 ,,
TOTAL INCOME ,- ,"9, 000 "
INCOME ON 21-03-26 ,,
TOTAL INCOME ,- ,"17, 000 "
INCOME ON 23-03-26 ,,
TOTAL INCOME ,- ,"9, 000 "
INCOME ON 24-03-26 ,,
TOTAL INCOME ,- ,"16, 000 "
INCOME ON 25-03-26 ,,
TOTAL INCOME ,- ,"21, 000 "
INCOME ON 26-03-26 ,,
TOTAL INCOME ,- ,"37, 000 "
INCOME ON 27-3-26 ,,
TOTAL INCOME ,- ,"26, 000 "
INCOME ON 28-03-26 ,,
TOTAL INCOME ,- ,"25, 000 "
INCOME ON 30-03-26 ,,
TOTAL INCOME ,- ,"7, 000 "
INCOME ON 31-03-26 ,,
TOTAL INCOME ,- ,"21, 000 "
INCOME ON 01-04-26 ,,
TOTAL INCOME ,- ,"20, 000 "
INCOME ON 02-04-26 ,,
TOTAL INCOME ,- ,"11, 000 "
INCOME ON 03-04-26 ,,
TOTAL INCOME ,- ,"37, 000 "
INCOME ON 04-04-26 ,,
TOTAL INCOME ,- ,"17, 000 "
INCOME ON 07-04-26 ,,
TOTAL INCOME ,- ,"13, 000 "
INCOME ON 08-04-26 ,,
TOTAL INCOME ,- ,"13, 000 "
INCOME ON 09-04-26 ,,
TOTAL INCOME ,- ,"16, 000 "
INCOME ON 10-04-26 ,,
TOTAL INCOME ,- ,"21, 000 "
INCOME ON 11-04-26 ,,
TOTAL INCOME ,- ,"22, 000 "
INCOME ON 13-04-26 ,,
TOTAL INCOME ,- ,"18, 000 "
INCOME ON 14-04-26 ,,
TOTAL INCOME ,- ,"13, 000 "
INCOME ON 15-04-26 ,,
TOTAL INCOME ,- ,"24, 000 "
INCOME ON 16-04-26 ,,
TOTAL INCOME ,- ,"13, 000 "
INCOME ON 17-04-26 ,,
TOTAL INCOME ,- ,"50, 000 "
INCOME ON 18-04-26 ,,
TOTAL INCOME ,- ,"23, 000 "
INCOME ON 20-04-26 ,,
TOTAL INCOME ,- ,"14, 000 "
INCOME ON 21-04-26 ,,
TOTAL INCOME ,- ,"16, 000 "
INCOME ON 23-04-26 ,,
TOTAL INCOME ,- ,"23, 000 "
INCOME ON 24-04-26 ,,
TOTAL INCOME ,- ,"21, 000 "
INCOME ON 25-04-26 ,,
TOTAL INCOME ,- ,"7, 000 "
INCOME ON 27-04-26 ,,
TOTAL INCOME ,- ,"14, 000 "
INCOME ON 28-04-26 ,,
TOTAL INCOME ,- ,"13, 000 "
INCOME ON 29-04-26 ,,
TOTAL INCOME ,- ,"38, 000 "
INCOME ON 30-04-26 ,,
TOTAL INCOME ,- ,"32, 000 "
INCOME ON 01-05-26 ,,
TOTAL INCOME ,- ,"14, 000 "
INCOME ON 02-05-26 ,,
TOTAL INCOME ,- ,"21, 000 "
INCOME ON 04-05-26 ,,
TOTAL INCOME ,- ,"15, 000 "
INCOME ON 05-05-26 ,,
TOTAL INCOME ,- ,"19, 000 "
INCOME ON 06-05-26 ,,
TOTAL INCOME ,- ,"17, 000 "
INCOME ON 07-05-26 ,,
TOTAL INCOME ,- ,"17, 000 "
INCOME ON 08-05-26 ,,
TOTAL INCOME ,- ,"14, 000 "
INCOME ON 09-05-26 ,,
TOTAL INCOME ,- ,"19, 000 "
INCOME ON 11-05-26 ,,
TOTAL INCOME ,- ,"18, 000 "
INCOME ON 12-05-26 ,,
TOTAL INCOME ,- ,"13, 000 "
INCOME ON 13-05-26 ,,
TOTAL INCOME ,- ,"18, 000 "
INCOME ON 14-05-26 ,,
TOTAL INCOME ,- ,"34, 000 "
INCOME ON 15-05-26 ,,
TOTAL INCOME ,- ,
INCOME ON 16-05-26 ,,
TOTAL INCOME ,- ,"20, 000 "
INCOME ON 18-05-26 ,,
TOTAL INCOME ,- ,"13, 000 "
INCOME ON 19-05-26 ,,
TOTAL INCOME ,- ,"47, 000 "
INCOME ON 20-05-26 ,,
TOTAL INCOME ,- ,"18, 000 "
INCOME ON 21-05-26 ,,
TOTAL INCOME ,- ,"25, 000 "
INCOME ON 22-05-26 ,,
TOTAL INCOME ,- ,"16, 000 "
INCOME ON 23-05-26 ,,
TOTAL INCOME ,- ,"20, 000 "
INCOME ON 25-05-26 ,,
TOTAL INCOME ,- ,"5, 000 "
INCOME ON 26-05-26 ,,
TOTAL INCOME ,- ,"12, 000 "
INCOME ON 27-05-26 ,,
TOTAL INCOME ,- ,"10, 000 "
INCOME ON 28-05-26 ,,
TOTAL INCOME ,- ,"8, 000 "
INCOME ON 29-05-26 ,,
TOTAL INCOME ,- ,"11, 000 "
INCOME ON 30-05-26 ,,
TOTAL INCOME ,- ,"18,000 "
